Date,AAPL,MSFT,AMZN,GOOGL,META
2022-02-02,172.39402770996094,303.8661804199219,150.6125030517578,146.98622131347656,321.0210266113281
2022-02-03,169.51165771484375,292.0299072265625,138.8455047607422,142.10983276367188,236.30325317382812
2022-02-04,169.22698974609375,296.5763244628906,157.63949584960938,142.31146240234375,235.63735961914062
2022-02-07,168.51039123535156,291.73907470703125,157.9355010986328,138.24749755859375,223.53199768066406
2022-02-08,171.62220764160156,295.238525390625,161.4134979248047,138.44415283203125,218.83096313476562
2022-02-09,173.0456085205078,301.68505859375,161.1894989013672,140.6221160888672,230.57855224609375
2022-02-10,168.96194458007812,293.1253356933594,159.0034942626953,137.6704559326172,226.67263793945312
2022-02-11,165.54580688476562,286.0099792480469,153.2935028076172,133.36268615722656,218.20484924316406
2022-02-14,165.78140258789062,285.9712219238281,155.16700744628906,134.59767150878906,216.3661651611328
2022-02-15,169.61962890625,291.27374267578125,156.510498046875,135.67276000976562,219.64596557617188
2022-02-16,169.384033203125,290.933837890625,158.10049438476562,136.79452514648438,215.2132568359375
2022-02-17,165.78140258789062,282.41461181640625,154.65249633789062,131.63111877441406,206.43739318847656
2022-02-18,164.23037719726562,279.6947326660156,152.60150146484375,129.509765625,204.89688110351562
2022-02-21,164.23037719726562,279.6947326660156,152.60150146484375,129.509765625,204.89688110351562
2022-02-22,161.30506896972656,279.49066162109375,150.19749450683594,128.92431640625,200.8418731689453
2022-02-23,157.13308715820312,272.25384521484375,144.82699584960938,126.71404266357422,197.23410034179688
2022-02-24,159.7540740966797,286.1642150878906,151.35800170898438,131.78208923339844,206.32806396484375
2022-02-25,161.82533264160156,288.8064270019531,153.7884979248047,133.5384521484375,209.1903839111328
2022-02-28,162.09036254882812,290.24407958984375,153.56300354003906,134.1318817138672,209.7370147705078
2022-03-01,160.2056121826172,286.5138854980469,151.14199829101562,133.14320373535156,202.24325561523438
2022-03-02,163.50396728515625,291.6040344238281,152.05250549316406,133.6497344970703,206.83493041992188
2022-03-03,163.17999267578125,287.4561767578125,147.89849853515625,132.98231506347656,201.72642517089844
2022-03-04,160.1761474609375,281.5694580078125,145.64100646972656,131.00291442871094,198.8342742919922
2022-03-07,156.37718200683594,270.9327392578125,137.4530029296875,125.51282501220703,186.3214111328125
2022-03-08,154.55126953125,267.9602355957031,136.01449584960938,126.23384857177734,189.12411499023438
2022-03-09,159.960205078125,280.2484130859375,139.2790069580078,132.50608825683594,197.28379821777344
2022-03-10,155.6114959716797,277.421630859375,146.8175048828125,131.52236938476562,194.0139617919922
2022-03-11,151.89100646972656,272.05950927734375,145.52450561523438,128.9809112548828,186.4605255126953
2022-03-14,147.8563995361328,268.5333251953125,141.85299682617188,125.08824920654297,185.4865264892578
2022-03-15,152.24440002441406,278.93701171875,147.3665008544922,128.31301879882812,190.8534393310547
2022-03-16,156.66183471679688,285.969970703125,153.10400390625,132.36756896972656,202.3823699951172
2022-03-17,157.67295837402344,286.7762145996094,157.23899841308594,132.9222412109375,206.56655883789062
2022-03-18,160.9713134765625,291.837158203125,161.25050354003906,135.1930694580078,215.16358947753906
2022-03-21,162.34561157226562,290.6034851074219,161.4915008544922,135.16921997070312,210.19424438476562
2022-03-22,165.72247314453125,295.3634338378906,164.88900756835938,138.909912109375,215.32260131835938
2022-03-23,167.08702087402344,290.924072265625,163.4080047607422,137.32830810546875,212.1521453857422
2022-03-24,170.8761749267578,295.4022216796875,163.64950561523438,140.6022491455078,218.22471618652344
2022-03-25,171.51426696777344,294.99432373046875,164.77349853515625,140.7025604248047,220.46092224121094
2022-03-28,172.3780975341797,301.8134765625,168.99049377441406,140.486572265625,222.22007751464844
2022-03-29,175.6764373779297,306.3887023925781,169.31500244140625,141.52935791015625,228.45166015625
2022-03-30,174.50828552246094,304.883056640625,166.30099487304688,140.9662322998047,226.45399475097656
2022-03-31,171.40628051757812,299.4917907714844,162.99749755859375,138.11492919921875,220.99761962890625
2022-04-01,171.1117706298828,300.5700378417969,163.55999755859375,139.19049072265625,223.47235107421875
2022-04-04,175.1659698486328,305.9613037109375,168.34649658203125,141.99217224121094,232.45697021484375
2022-04-05,171.84800720214844,301.9883117675781,164.05499267578125,139.62799072265625,230.41952514648438
2022-04-06,168.67724609375,290.933837890625,158.75599670410156,135.6126708984375,221.93186950683594
2022-04-07,168.98158264160156,292.7502746582031,157.7845001220703,134.9576873779297,221.583984375
2022-04-08,166.9691925048828,288.47613525390625,154.4604949951172,132.37449645996094,220.96780395507812
2022-04-11,162.70884704589844,277.10107421875,151.1219940185547,127.94107818603516,215.13377380371094
2022-04-12,164.58377075195312,273.99261474609375,150.78750610351562,126.83968353271484,212.82798767089844
2022-04-13,167.27349853515625,279.3935852050781,155.54100036621094,129.00425720214844,213.6727752685547
2022-04-14,162.25723266601562,271.8263244628906,151.7064971923828,125.8619155883789,208.89222717285156
2022-04-15,162.25723266601562,271.8263244628906,151.7064971923828,125.8619155883789,208.89222717285156
2022-04-18,162.0413055419922,272.4966735839844,152.78500366210938,126.80193328857422,209.47862243652344
2022-04-19,164.32855224609375,277.1399230957031,158.11549377441406,129.11846923828125,215.9785614013672
2022-04-20,164.16165161132812,278.1696472167969,153.9980010986328,127.1629409790039,199.19204711914062
2022-04-21,163.36654663085938,272.7784423828125,148.29600524902344,123.95954132080078,186.91770935058594
2022-04-22,158.82147216796875,266.19232177734375,144.35000610351562,118.81600952148438,182.9819793701172
2022-04-25,159.89149475097656,272.6909484863281,146.07400512695312,122.23096466064453,185.84434509277344
2022-04-26,153.92303466796875,262.49127197265625,139.39100646972656,117.83726501464844,179.84132385253906
2022-04-27,153.69725036621094,275.1194152832031,138.16700744628906,113.51160430908203,173.8780975341797
2022-04-28,160.63754272460938,281.3460693359375,144.59649658203125,117.71063995361328,204.469482421875
2022-04-29,154.75743103027344,269.5823974609375,124.28150177001953,113.3278579711914,199.24172973632812
2022-05-02,155.061767578125,276.3336486816406,124.5,115.784423828125,209.83641052246094
2022-05-03,156.5538787841797,273.72064208984375,124.25350189208984,116.53028106689453,210.7309112548828
2022-05-04,162.97386169433594,281.68609619140625,125.92849731445312,121.42353057861328,222.0411834716797
2022-05-05,153.89358520507812,269.41729736328125,116.40699768066406,115.70745086669922,207.00389099121094
2022-05-06,154.62109375,266.87225341796875,114.77249908447266,114.95365905761719,202.52151489257812
2022-05-09,149.4893341064453,257.01251220703125,108.78900146484375,111.74031066894531,195.00784301757812
2022-05-10,151.8979034423828,261.7918395996094,108.85900115966797,113.61140441894531,196.43902587890625
2022-05-11,144.0233154296875,253.09780883789062,105.37200164794922,112.8243408203125,187.5836181640625
2022-05-12,140.1499481201172,248.04656982421875,106.93049621582031,112.07103729248047,190.06829833984375
2022-05-13,144.6230010986328,253.6515350341797,113.05500030517578,115.25556945800781,197.40306091308594
2022-05-16,143.0795440673828,254.02066040039062,110.81050109863281,113.66106414794922,198.81436157226562
2022-05-17,146.71701049804688,259.18853759765625,115.36849975585938,115.6751708984375,201.37857055664062
2022-05-18,138.43936157226562,247.3877410888672,107.11250305175781,111.13301086425781,191.0621795654297
2022-05-19,135.02801513671875,246.47250366210938,107.31900024414062,109.62789154052734,190.1179656982422
2022-05-20,135.2639617919922,245.90777587890625,107.59100341796875,108.16200256347656,192.3541717529297
2022-05-23,140.69064331054688,253.7847137451172,107.55699920654297,110.72432708740234,195.0277099609375
2022-05-24,137.98715209960938,252.78182983398438,104.0999984741211,105.24412536621094,180.1693115234375
2022-05-25,138.14443969726562,255.6053924560547,106.7750015258789,105.08026123046875,182.7036895751953
2022-05-26,141.3492889404297,258.89642333984375,111.07749938964844,107.05413818359375,190.45590209960938
2022-05-27,147.1101837158203,266.0431213378906,115.14649963378906,111.54715728759766,193.9344482421875
2022-05-30,147.1101837158203,266.0431213378906,115.14649963378906,111.54715728759766,193.9344482421875
2022-05-31,146.3237762451172,264.70916748046875,120.20950317382812,112.98274230957031,192.45359802246094
2022-06-01,146.19595336914062,265.2446594238281,121.68399810791016,113.11185455322266,187.48422241210938
2022-06-02,148.65371704101562,267.3477783203125,125.51100158691406,116.81680297851562,197.64158630371094
2022-06-03,142.92225646972656,262.90789794921875,122.3499984741211,113.75640869140625,189.61109924316406
2022-06-06,143.66940307617188,261.6712951660156,124.79000091552734,116.02030944824219,193.05982971191406
2022-06-07,146.19595336914062,265.3226013183594,123.0,116.34703826904297,194.45126342773438
2022-06-08,145.45863342285156,263.2876892089844,121.18000030517578,116.3912353515625,195.4351806640625
2022-06-09,140.22857666015625,257.81561279296875,116.1500015258789,114.04889678955078,182.8726348876953
2022-06-10,134.81173706054688,246.32643127441406,109.6500015258789,110.40006256103516,174.49429321289062
2022-06-13,129.65049743652344,235.8790740966797,103.66999816894531,105.66372680664062,163.2535858154297
2022-06-14,130.51559448242188,238.05032348632812,102.30999755859375,105.98450469970703,162.72683715820312
2022-06-15,133.1404571533203,245.1288299560547,107.66999816894531,109.01262664794922,168.31240844726562
2022-06-16,127.86125946044922,238.51768493652344,103.66000366210938,105.30718231201172,159.8843536376953
2022-06-17,129.3358917236328,241.12710571289062,106.22000122070312,106.40957641601562,162.7367706298828
2022-06-20,129.3358917236328,241.12710571289062,106.22000122070312,106.40957641601562,162.7367706298828
2022-06-21,133.57301330566406,247.05670166015625,108.68000030517578,110.7799301147461,156.08775329589844
2022-06-22,133.06185913085938,246.46275329589844,108.94999694824219,110.72383117675781,154.8951416015625
2022-06-23,135.93246459960938,252.04180908203125,112.44000244140625,111.47315979003906,157.77735900878906
2022-06-24,139.26512145996094,260.6490173339844,116.45999908447266,117.16688537597656,169.117431640625
2022-06-27,139.26512145996094,257.9129943847656,113.22000122070312,115.0400619506836,168.4515380859375
2022-06-28,135.11648559570312,249.72451782226562,107.4000015258789,111.24026489257812,159.69552612304688
2022-06-29,136.87623596191406,253.40492248535156,108.91999816894531,110.93636322021484,162.93553161621094
2022-06-30,134.40866088867188,250.0653076171875,106.20999908447266,108.21661376953125,160.2620391845703
2022-07-01,136.58128356933594,252.7427978515625,109.55999755859375,107.99266052246094,159.04949951171875
2022-07-04,136.58128356933594,252.7427978515625,109.55999755859375,107.99266052246094,159.04949951171875
2022-07-05,139.16680908203125,255.92674255371094,113.5,112.4871597290039,167.15951538085938
2022-07-06,140.5038299560547,259.1982421875,114.33000183105469,113.78719329833984,168.72982788085938
2022-07-07,143.8758544921875,261.3305358886719,116.33000183105469,117.96935272216797,171.135009765625
2022-07-08,144.5541534423828,260.61004638671875,115.54000091552734,118.53594970703125,169.83303833007812
2022-07-11,142.42086791992188,257.54302978515625,111.75,114.88412475585938,161.88206481933594
2022-07-12,143.39413452148438,246.98854064941406,109.22000122070312,113.2394790649414,162.2696533203125
2022-07-13,143.0303955078125,246.06356811523438,110.4000015258789,110.59074401855469,162.48831176757812
2022-07-14,145.95999145507812,247.3877410888672,110.62999725341797,109.61150360107422,157.08163452148438
2022-07-15,147.63128662109375,249.9581756591797,113.55000305175781,111.01183319091797,163.69088745117188
2022-07-18,144.58372497558594,247.5532684326172,113.76000213623047,108.28315734863281,166.20538330078125
2022-07-19,148.4472198486328,252.69418334960938,118.20999908447266,113.0304183959961,174.70298767089844
2022-07-20,150.45274353027344,255.3620147705078,122.7699966430664,113.11979675292969,181.96820068359375
2022-07-21,152.72369384765625,257.8642883300781,124.62999725341797,113.55679321289062,182.0477294921875
2022-07-22,151.48500061035156,253.50234985351562,122.41999816894531,107.16089630126953,168.23289489746094
2022-07-25,150.36428833007812,252.01260375976562,121.13999938964844,106.77359008789062,165.6289520263672
2022-07-26,149.037109375,245.26515197753906,114.80999755859375,104.30062866210938,158.17489624023438
2022-07-27,154.1393280029297,261.66156005859375,120.97000122070312,112.28555297851562,168.54100036621094
2022-07-28,154.68991088867188,269.1295166015625,122.27999877929688,113.4376220703125,159.7352752685547
2022-07-29,159.76263427734375,273.3454895019531,134.9499969482422,115.5232162475586,158.1251983642578
2022-08-01,158.779541015625,270.6874694824219,135.38999938964844,114.0732192993164,158.95008850097656
2022-08-02,157.30491638183594,267.58148193359375,134.16000366210938,114.34137725830078,159.20852661132812
2022-08-03,163.3214569091797,275.0299377441406,139.52000427246094,117.27117919921875,167.76576232910156
2022-08-04,163.00682067871094,276.1788635253906,142.57000732421875,117.38041687011719,169.52491760253906
2022-08-05,162.7804412841797,275.4583740234375,140.8000030517578,116.66535186767578,166.0861358642578
2022-08-08,162.30789184570312,272.93658447265625,139.41000366210938,116.49651336669922,169.20687866210938
2022-08-09,162.3571319580078,274.8644104003906,137.8300018310547,115.83110046386719,167.49742126464844
2022-08-10,166.6099853515625,281.5437927246094,142.69000244140625,118.88005828857422,177.247314453125
2022-08-11,165.8716278076172,279.4601135253906,140.63999938964844,118.02595520019531,176.4025421142578
2022-08-12,169.42555236816406,284.2213134765625,143.5500030517578,120.84651184082031,179.3940887451172
2022-08-15,170.49859619140625,285.74017333984375,143.17999267578125,121.24376678466797,179.7816925048828
2022-08-16,170.34109497070312,285.0002136230469,144.77999877929688,120.86637878417969,178.37037658691406
2022-08-17,171.8374786376953,284.2489318847656,142.10000610351562,118.7311019897461,173.77870178222656
2022-08-18,171.44369506835938,283.1268310546875,142.3000030517578,119.34685516357422,173.58985900878906
2022-08-19,168.8545684814453,279.2044372558594,138.22999572753906,116.40711975097656,166.93092346191406
2022-08-22,164.9659423828125,271.00830078125,133.22000122070312,113.45748138427734,162.05099487304688
2022-08-23,164.63121032714844,269.7301025390625,133.6199951171875,113.080078125,160.12290954589844
2022-08-24,164.92654418945312,269.0958557128906,133.8000030517578,112.91124725341797,162.25970458984375
2022-08-25,167.3876953125,272.0816345214844,137.27999877929688,115.85096740722656,167.74591064453125
2022-08-26,161.07733154296875,261.582763671875,130.75,109.58418273925781,160.7887725830078
2022-08-29,158.87213134765625,258.7922058105469,129.7899932861328,108.67049407958984,158.1947784423828
2022-08-30,156.44052124023438,256.5870666503906,128.72999572753906,108.19377899169922,156.1970977783203
2022-08-31,154.7767791748047,255.1234588623047,126.7699966430664,107.47871398925781,161.93173217773438
2022-09-01,155.50531005859375,254.0794219970703,127.81999969482422,108.98829650878906,164.34686279296875
2022-09-02,153.38870239257812,249.84478759765625,127.51000213623047,107.11124420166016,159.33775329589844
2022-09-05,153.38870239257812,249.84478759765625,127.51000213623047,107.11124420166016,159.33775329589844
2022-09-06,152.12855529785156,247.1029815673828,126.11000061035156,106.07836151123047,157.56863403320312
2022-09-07,153.53634643554688,251.8254852294922,129.47999572753906,108.70027923583984,159.40728759765625
2022-09-08,152.05967712402344,252.2450408935547,129.82000732421875,107.63760375976562,161.06707763671875
2022-09-09,154.9244384765625,258.04095458984375,133.27000427246094,109.8920669555664,168.11361694335938
2022-09-12,160.89024353027344,260.1777648925781,136.4499969482422,110.10063171386719,167.92478942871094
2022-09-13,151.44927978515625,245.8735809326172,126.81999969482422,103.60543060302734,152.19178771972656
2022-09-14,152.896484375,246.0980224609375,128.5500030517578,104.28076171875,150.5419464111328
2022-09-15,150.00216674804688,239.42401123046875,126.27999877929688,102.20508575439453,148.6337127685547
2022-09-16,148.3580780029297,238.79954528808594,123.52999877929688,102.09584045410156,145.39370727539062
2022-09-19,152.07937622070312,238.5849151611328,124.66000366210938,102.36398315429688,147.11309814453125
2022-09-20,154.4617462158203,236.56515502929688,122.19000244140625,100.44720458984375,145.1949005126953
2022-09-21,151.3311767578125,233.15003967285156,118.54000091552734,98.59994506835938,141.24923706054688
2022-09-22,150.36639404296875,235.1307830810547,117.30999755859375,99.45406341552734,141.94496154785156
2022-09-23,148.09231567382812,232.1450958251953,113.77999877929688,98.06363677978516,139.54969787597656
2022-09-26,148.42703247070312,231.68649291992188,115.1500015258789,97.49755096435547,135.5344696044922
2022-09-27,149.40162658691406,230.6717529296875,114.41000366210938,96.83214569091797,133.57652282714844
2022-09-28,147.51145935058594,235.21861267089844,118.01000213623047,99.36466979980469,140.74237060546875
2022-09-29,140.26585388183594,231.73529052734375,114.80000305175781,96.75269317626953,135.57421875
2022-09-30,136.05233764648438,227.2469482421875,113.0,94.99481201171875,134.8486785888672
2022-10-03,140.23634338378906,234.89663696289062,115.87999725341797,97.96432495117188,137.76077270507812
2022-10-04,143.82958984375,242.8390655517578,121.08999633789062,100.94377899169922,139.4204864501953
2022-10-05,144.12490844726562,243.15127563476562,120.94999694824219,100.73521423339844,138.12847900390625
2022-10-06,143.1699981689453,240.79978942871094,120.30000305175781,100.72528839111328,138.21792602539062
2022-10-07,137.91297912597656,228.55441284179688,114.55999755859375,98.0040512084961,132.63235473632812
2022-10-10,138.2378387451172,223.68551635742188,113.66999816894531,97.1896743774414,132.9702606201172
2022-10-11,136.8202362060547,219.93873596191406,112.20999908447266,96.51433563232422,127.75243377685547
2022-10-12,136.19020080566406,220.27047729492188,112.9000015258789,96.8917236328125,126.71881866455078
2022-10-13,140.7678985595703,228.55441284179688,112.52999877929688,98.38145446777344,129.49171447753906
2022-10-14,136.2295684814453,223.01223754882812,106.9000015258789,95.89856719970703,125.98335266113281
2022-10-17,140.19692993164062,231.76454162597656,113.79000091552734,99.28521728515625,133.21875
2022-10-18,141.51609802246094,232.71099853515625,116.36000061035156,100.07974243164062,131.986328125
2022-10-19,141.62440490722656,230.74000549316406,115.06999969482422,98.94754028320312,132.41368103027344
2022-10-20,141.1616973876953,230.41806030273438,115.25,99.28521728515625,130.72413635253906
2022-10-21,144.98141479492188,236.24314880371094,119.31999969482422,100.43726348876953,129.2134552001953
2022-10-24,147.12753295898438,241.24862670898438,119.81999969482422,101.81775665283203,128.92523193359375
2022-10-25,149.9726104736328,244.5758819580078,120.5999984741211,103.76433563232422,136.66748046875
2022-10-26,147.02906799316406,225.705322265625,115.66000366210938,94.27973937988281,129.02459716796875
2022-10-27,142.5498046875,221.24620056152344,110.95999908447266,91.58831024169922,97.3399429321289
2022-10-28,153.3197784423828,230.14486694335938,103.41000366210938,95.63043212890625,98.59220123291016
2022-10-31,150.95709228515625,226.4956512451172,102.44000244140625,93.86262512207031,92.58921813964844
2022-11-01,148.30886840820312,222.63172912597656,96.79000091552734,89.85029602050781,94.61671447753906
2022-11-02,142.7761993408203,214.75762939453125,92.12000274658203,86.37427520751953,89.98526763916016
2022-11-03,136.7217559814453,209.04959106445312,89.30000305175781,82.85851287841797,88.36524963378906
2022-11-04,136.45555114746094,216.0163116455078,90.9800033569336,85.98693084716797,90.2337417602539
2022-11-07,136.98802185058594,222.33901977539062,90.52999877929688,87.88385009765625,96.12740325927734
2022-11-08,137.55996704101562,223.3147430419922,89.9800033569336,88.29105377197266,95.8789291381836
2022-11-09,132.99435424804688,219.06057739257812,86.13999938964844,86.72187042236328,100.84831237792969
2022-11-10,144.82748413085938,237.08224487304688,96.62999725341797,93.29652404785156,111.18457794189453
2022-11-11,147.6180877685547,241.11199951171875,100.79000091552734,95.7496109008789,112.32752227783203
2022-11-14,146.21783447265625,235.68699645996094,98.48999786376953,95.04446411132812,113.52018737792969
2022-11-15,147.95338439941406,236.0967559814453,98.94000244140625,97.76570129394531,116.3626708984375
2022-11-16,146.72076416015625,236.52731323242188,97.12000274658203,98.17288970947266,112.5362548828125
2022-11-17,148.62391662597656,236.47837829589844,94.8499984741211,97.68624877929688,110.76715850830078
2022-11-18,149.18601989746094,236.02828979492188,94.13999938964844,96.76261138916016,111.36347961425781
2022-11-21,145.9516143798828,236.84043884277344,92.45999908447266,94.94514465332031,109.1868896484375
2022-11-22,148.09146118164062,239.7562713623047,93.19999694824219,96.3852310180664,110.75720977783203
2022-11-23,148.9690399169922,242.2514190673828,94.12999725341797,97.78556823730469,111.55230712890625
2022-11-24,148.9690399169922,242.2514190673828,94.12999725341797,97.78556823730469,111.55230712890625
2022-11-25,146.05023193359375,242.16334533691406,93.41000366210938,96.79241943359375,110.72740936279297
2022-11-28,142.21432495117188,236.55665588378906,93.94999694824219,95.39207458496094,108.11351013183594
2022-11-29,139.2067413330078,235.15744018554688,92.41999816894531,94.5379638671875,108.78935241699219
2022-11-30,145.97134399414062,249.64866638183594,96.54000091552734,100.29823303222656,117.37639617919922
2022-12-01,146.24745178222656,249.2083740234375,95.5,100.29823303222656,119.70207977294922
2022-12-02,145.75440979003906,249.53126525878906,94.12999725341797,99.75200653076172,122.73339080810547
2022-12-05,144.59080505371094,244.81500244140625,91.01000213623047,98.798583984375,121.67987823486328
2022-12-06,140.9225311279297,239.84434509277344,88.25,96.31571197509766,113.4207992553711
2022-12-07,138.97996520996094,239.11048889160156,88.45999908447266,94.28968048095703,113.23194885253906
2022-12-08,140.66616821289062,242.0752716064453,90.3499984741211,93.06809997558594,114.62337493896484
2022-12-09,140.18299865722656,240.13787841796875,89.08999633789062,92.19412994384766,115.18989562988281
2022-12-12,142.4805908203125,247.07528686523438,90.55000305175781,92.67084503173828,114.0071792602539
2022-12-13,143.4469451904297,251.39036560058594,92.48999786376953,94.9749526977539,119.41384887695312
2022-12-14,141.2183837890625,251.68394470214844,91.58000183105469,94.41877746582031,120.84501647949219
2022-12-15,134.60169982910156,243.6505889892578,88.44999694824219,90.23762512207031,115.43836212158203
2022-12-16,132.6393585205078,239.42361450195312,87.86000061035156,89.64173126220703,118.69825744628906
2022-12-19,130.52911376953125,235.2748565673828,84.91999816894531,87.8342056274414,113.7785873413086
2022-12-20,130.4600830078125,236.5957794189453,85.19000244140625,88.41021728515625,116.37259674072266
2022-12-21,133.56626892089844,239.169189453125,86.7699966430664,88.96639251708984,119.02623748779297
2022-12-22,130.3910675048828,233.06350708007812,83.79000091552734,87.15885162353516,116.40242004394531
2022-12-23,130.02621459960938,233.5918731689453,85.25,88.61880493164062,117.3167724609375
2022-12-26,130.02621459960938,233.5918731689453,85.25,88.61880493164062,117.3167724609375
2022-12-27,128.22166442871094,231.85997009277344,83.04000091552734,86.79138946533203,116.16388702392578
2022-12-28,124.28716278076172,229.48228454589844,81.81999969482422,85.43077850341797,114.91160583496094
2022-12-29,127.80748748779297,235.82278442382812,84.18000030517578,87.84412384033203,119.52318572998047
2022-12-30,128.12307739257812,234.65841674804688,84.0,87.62564086914062,119.60267639160156
2023-01-02,128.12307739257812,234.65841674804688,84.0,87.62564086914062,119.60267639160156
2023-01-03,123.33064270019531,234.42359924316406,85.81999969482422,88.50953674316406,123.97572326660156
2023-01-04,124.60271453857422,224.16915893554688,85.13999938964844,87.47666931152344,126.58960723876953
2023-01-05,123.28134155273438,217.52528381347656,83.12000274658203,85.60954284667969,126.16224670410156
2023-01-06,127.81735229492188,220.08888244628906,86.08000183105469,86.74172973632812,129.22337341308594
2023-01-09,128.33999633789062,222.23175048828125,87.36000061035156,87.41706848144531,128.67674255371094
2023-01-10,128.9119415283203,223.92453002929688,89.87000274658203,87.81433868408203,132.1751708984375
2023-01-11,131.63356018066406,230.6956024169922,95.08999633789062,90.89309692382812,132.0758056640625
2023-01-12,131.5546875,233.37660217285156,95.2699966430664,90.50577545166016,135.8723907470703
2023-01-13,132.88589477539062,234.08108520507812,98.12000274658203,91.48899841308594,136.14071655273438
2023-01-16,132.88589477539062,234.08108520507812,98.12000274658203,91.48899841308594,136.14071655273438
2023-01-17,134.04946899414062,235.177001953125,96.05000305175781,90.66468048095703,134.53065490722656
2023-01-18,133.32965087890625,230.73471069335938,95.45999908447266,90.495849609375,132.2050018310547
2023-01-19,133.3887939453125,226.938232421875,93.68000030517578,92.4126205444336,135.31581115722656
2023-01-20,135.95263671875,235.04981994628906,97.25,97.34856414794922,138.5160675048828
2023-01-23,139.1475830078125,237.3590087890625,97.5199966430664,99.10645294189453,142.39219665527344
2023-01-24,140.5478515625,236.83062744140625,96.31999969482422,97.03076934814453,142.2629852294922
2023-01-25,139.8871612548828,235.43141174316406,97.18000030517578,94.56775665283203,140.63304138183594
2023-01-26,141.9579620361328,242.662353515625,99.22000122070312,96.85199737548828,146.3975067138672
2023-01-27,143.90054321289062,242.81893920898438,102.23999786376953,98.68933868408203,150.810302734375
2023-01-30,141.01129150390625,237.48623657226562,100.55000305175781,96.27598571777344,146.15896606445312
2023-01-31,142.28335571289062,242.47645568847656,103.12999725341797,98.16295623779297,148.05726623535156
2023-02-01,143.40750122070312,247.3101348876953,105.1500015258789,99.74207305908203,152.1818389892578
2023-02-02,148.72256469726562,258.905029296875,112.91000366210938,107.00199890136719,187.6134033203125
2023-02-03,152.35133361816406,252.78958129882812,103.38999938964844,104.06227111816406,185.3871307373047
2023-02-06,149.61985778808594,251.24359130859375,102.18000030517578,102.19515228271484,184.92002868652344
2023-02-07,152.499267578125,261.8013916015625,102.11000061035156,106.90267181396484,190.4459686279297
2023-02-08,149.8072509765625,260.9892272949219,100.05000305175781,98.68933868408203,182.30612182617188
2023-02-09,148.7718505859375,257.9461669921875,98.23999786376953,94.35919189453125,176.82989501953125
2023-02-10,149.1372528076172,257.4373474121094,97.61000061035156,93.92221069335938,173.08297729492188
2023-02-13,151.94203186035156,265.4804382324219,99.54000091552734,93.9619369506836,178.3306121826172
2023-02-14,151.30010986328125,266.3121643066406,99.69999694824219,94.03146362304688,178.38034057617188
2023-02-15,153.40367126464844,264.18353271484375,101.16000366210938,96.27598571777344,176.07455444335938
2023-02-16,151.8037872314453,257.1502990722656,98.1500015258789,94.85577392578125,171.3834686279297
2023-02-17,150.65817260742188,253.1383056640625,97.19999694824219,93.7037124633789,171.82078552246094
2023-02-20,150.65817260742188,253.1383056640625,97.19999694824219,93.7037124633789,171.82078552246094
2023-02-21,146.6386260986328,247.85107421875,94.58000183105469,91.16124725341797,171.0256805419922
2023-02-22,147.06332397460938,246.7131805419922,95.79000091552734,91.02222442626953,170.07156372070312
2023-02-23,147.54721069335938,249.91102600097656,95.81999969482422,90.26741027832031,170.9859161376953
2023-02-24,144.89056396484375,244.4668731689453,93.5,88.51947784423828,169.3460235595703
2023-02-27,146.08555603027344,245.38897705078125,93.76000213623047,89.25440216064453,168.501220703125
2023-02-28,145.58192443847656,244.66307067871094,94.2300033569336,89.44310760498047,173.8681640625
2023-03-01,143.50794982910156,241.5731201171875,92.16999816894531,89.74105072021484,172.3574676513672
2023-03-02,144.10052490234375,246.3208465576172,92.12999725341797,91.36981201171875,173.46066284179688
2023-03-03,149.1570281982422,250.42111206054688,94.9000015258789,93.00850677490234,184.114990234375
2023-03-06,151.9222869873047,251.97100830078125,93.75,94.4783706665039,183.7671356201172
2023-03-07,149.71995544433594,249.3028564453125,93.55000305175781,93.21707916259766,183.3795166015625
2023-03-08,150.9741973876953,248.86143493652344,93.91999816894531,93.60440063476562,183.83670043945312
2023-03-09,148.72247314453125,247.5077667236328,92.25,91.68763732910156,180.57681274414062
2023-03-10,146.6584014892578,243.84886169433594,90.7300033569336,90.00919342041016,178.41015625
2023-03-13,148.6039581298828,249.07725524902344,92.43000030517578,90.48590850830078,179.7916259765625
2023-03-14,150.6976776123047,255.81622314453125,94.87999725341797,93.32632446289062,192.8312530517578
2023-03-15,151.09271240234375,260.3775939941406,96.19999694824219,95.45166015625,196.53839111328125
2023-03-16,153.91725158691406,270.9323425292969,100.04000091552734,99.63282775878906,203.67440795898438
2023-03-17,153.07777404785156,274.1006774902344,98.94999694824219,100.92391967773438,194.4114990234375
2023-03-20,155.447998046875,267.0380554199219,97.70999908447266,100.52666473388672,196.59805297851562
2023-03-21,157.3046875,268.5584411621094,100.61000061035156,104.20130920410156,200.92137145996094
2023-03-22,155.87269592285156,267.096923828125,98.69999694824219,102.66192626953125,198.5857696533203
2023-03-23,156.95901489257812,272.3644714355469,98.70999908447266,104.87665557861328,203.0283966064453
2023-03-24,158.2626495361328,275.218994140625,98.12999725341797,104.7177505493164,204.74778747558594
2023-03-27,156.3170928955078,271.10888671875,98.04000091552734,101.75816345214844,201.5972137451172
2023-03-28,155.6949005126953,269.9808654785156,97.23999786376953,100.33796691894531,199.450439453125
2023-03-29,158.77621459960938,275.1601867675781,100.25,100.69549560546875,204.0918426513672
2023-03-30,160.3464813232422,278.6325988769531,102.0,100.19892120361328,206.56655883789062
2023-03-31,162.85501098632812,282.80157470703125,103.29000091552734,103.01946258544922,210.64146423339844
2023-04-03,164.1092529296875,281.751953125,102.41000366210938,103.64515686035156,211.76454162597656
2023-04-04,163.57595825195312,281.702880859375,103.94999694824219,104.00269317626953,213.4044189453125
2023-04-05,161.72914123535156,278.91705322265625,101.0999984741211,103.75439453125,210.1842803955078
2023-04-06,162.61801147460938,286.03863525390625,102.05999755859375,107.67733764648438,214.77598571777344
2023-04-07,162.61801147460938,286.03863525390625,102.05999755859375,107.67733764648438,214.77598571777344
2023-04-10,160.0205841064453,283.8708190917969,102.16999816894531,105.71090698242188,213.43423461914062
2023-04-11,158.8058624267578,277.4358215332031,99.91999816894531,104.62837219238281,212.53976440429688
2023-04-12,158.11451721191406,278.0832824707031,97.83000183105469,103.92323303222656,212.6888427734375
2023-04-13,163.50680541992188,284.3121643066406,102.4000015258789,106.69413757324219,218.9999237060547
2023-04-14,163.16114807128906,280.6827392578125,102.51000213623047,108.12425994873047,220.13294982910156
2023-04-17,163.18089294433594,283.2919616699219,102.73999786376953,105.24412536621094,217.51907348632812
2023-04-18,164.40553283691406,282.8702087402344,102.30000305175781,103.78418731689453,216.5550079345703
2023-04-19,165.55117797851562,282.94866943359375,104.30000305175781,103.46638488769531,214.37841796875
2023-04-20,164.58326721191406,280.6532897949219,103.80999755859375,104.56877899169922,211.76454162597656
2023-04-21,162.97354125976562,280.30999755859375,106.95999908447266,104.68795776367188,211.5856475830078
2023-04-24,163.27969360351562,276.3960876464844,106.20999908447266,105.24412536621094,211.48623657226562
2023-04-25,161.739013671875,270.16717529296875,102.56999969482422,103.13863372802734,206.27835083007812
2023-04-26,161.72914123535156,289.7366638183594,104.9800033569336,102.99960327148438,208.1170196533203
2023-04-27,166.32147216796875,299.01629638671875,109.81999969482422,106.85301971435547,237.0983123779297
2023-04-28,167.57569885253906,301.3999328613281,105.44999694824219,106.60472869873047,238.84756469726562
2023-05-01,167.48684692382812,299.7323913574219,102.05000305175781,106.46569061279297,241.69003295898438
2023-05-02,166.4498291015625,299.5852355957031,103.62999725341797,104.59857177734375,237.77418518066406
2023-05-03,165.37338256835938,298.594482421875,103.6500015258789,104.68795776367188,235.57774353027344
2023-05-04,163.73397827148438,299.5852355957031,104.0,103.97288513183594,232.0892333984375
2023-05-05,171.41748046875,304.72528076171875,105.66000366210938,104.84686279296875,231.353759765625
2023-05-08,171.34835815429688,302.763427734375,105.83000183105469,107.03179168701172,231.84075927734375
2023-05-09,169.63980102539062,301.1449279785156,106.62000274658203,106.61466217041016,231.94015502929688
2023-05-10,171.40760803222656,306.3536071777344,110.19000244140625,110.98452758789062,231.65194702148438
2023-05-11,171.5952606201172,304.195556640625,112.18000030517578,115.77151489257812,234.34532165527344
2023-05-12,170.66561889648438,303.077392578125,110.26000213623047,116.705078125,232.37745666503906
2023-05-15,170.171142578125,303.5580139160156,111.19999694824219,115.71192169189453,237.39651489257812
2023-05-16,170.171142578125,305.7944641113281,113.4000015258789,118.69136810302734,237.35675048828125
2023-05-17,170.78428649902344,308.6846923828125,115.5,120.01226806640625,241.00428771972656
2023-05-18,173.11827087402344,313.12823486328125,118.1500015258789,121.98863220214844,245.3375701904297
2023-05-19,173.22703552246094,312.9512634277344,116.25,121.91911315917969,244.1349639892578
2023-05-22,172.2776336669922,315.7431945800781,115.01000213623047,124.19342803955078,246.798583984375
2023-05-23,169.66676330566406,309.9234313964844,114.98999786376953,121.7204818725586,245.2282257080078
2023-05-24,169.9436492919922,308.53729248046875,116.75,120.07185363769531,247.68312072753906
2023-05-25,171.08099365234375,320.4029541015625,115.0,122.63419342041016,251.14178466796875
2023-05-26,173.49404907226562,327.2550048828125,120.11000061035156,123.75643157958984,260.4345397949219
2023-05-29,173.49404907226562,327.2550048828125,120.11000061035156,123.75643157958984,260.4345397949219
2023-05-30,175.3434295654297,325.6033935546875,121.66000366210938,122.82288360595703,260.91156005859375
2023-05-31,175.29397583007812,322.8311462402344,120.58000183105469,122.02835845947266,263.09808349609375
2023-06-01,178.10264587402344,326.9501953125,122.7699966430664,122.87252807617188,270.939697265625
2023-06-02,178.953125,329.7225036621094,124.25,123.81602478027344,270.939697265625
2023-06-05,177.5982666015625,330.2533874511719,125.30000305175781,125.14685821533203,269.72723388671875
2023-06-06,177.2323455810547,328.0315856933594,126.61000061035156,126.43795013427734,269.4588928222656
2023-06-07,175.85769653320312,317.90594482421875,121.2300033569336,121.660888671875,261.9848937988281
2023-06-08,178.5773468017578,319.7541198730469,124.25,121.30335998535156,262.95892333984375
2023-06-09,178.96304321289062,321.25823974609375,123.43000030517578,121.39275360107422,263.3266906738281
2023-06-12,181.7617950439453,326.23260498046875,126.56999969482422,122.79308319091797,269.3893127441406
2023-06-13,181.28709411621094,328.6312561035156,126.66000366210938,122.9817886352539,269.6576232910156
2023-06-14,181.92002868652344,331.6296081542969,126.41999816894531,122.82288360595703,271.6752014160156
2023-06-15,183.95730590820312,342.2075500488281,127.11000061035156,124.23314666748047,280.10321044921875
2023-06-16,182.87933349609375,336.53515625,125.48999786376953,122.683837890625,279.2783203125
2023-06-19,182.87933349609375,336.53515625,125.48999786376953,122.683837890625,279.2783203125
2023-06-20,182.9683380126953,332.3276062011719,125.77999877929688,122.25679016113281,282.5879211425781
2023-06-21,181.929931640625,327.9136047363281,124.83000183105469,119.72425079345703,279.9143981933594
2023-06-22,184.93637084960938,333.9595031738281,130.14999389648438,122.30643463134766,283.1345520019531
2023-06-23,184.61988830566406,329.3489074707031,129.3300018310547,121.5019760131836,286.96099853515625
2023-06-26,183.2254638671875,323.0375671386719,127.33000183105469,117.5293960571289,276.7638244628906
2023-06-27,185.9846954345703,328.90655517578125,129.17999267578125,117.51944732666016,285.2912292480469
2023-06-28,187.1615447998047,330.1648864746094,129.0399932861328,119.35678100585938,283.5419921875
2023-06-29,187.49778747558594,329.37835693359375,127.9000015258789,118.28417205810547,279.80511474609375
2023-06-30,191.82945251464844,334.77545166015625,130.36000061035156,118.88005828857422,285.2217102050781
2023-07-03,190.33612060546875,332.26861572265625,130.22000122070312,119.07870483398438,284.2675476074219
2023-07-04,190.33612060546875,332.26861572265625,130.22000122070312,119.07870483398438,284.2675476074219
2023-07-05,189.21859741210938,332.4259033203125,130.3800048828125,120.91603088378906,292.56640625
2023-07-06,189.69329833984375,335.4931335449219,128.36000061035156,119.28726196289062,290.20098876953125
2023-07-07,188.57577514648438,331.5116271972656,129.77999877929688,118.66158294677734,288.74993896484375
2023-07-10,186.5286102294922,326.212890625,127.12999725341797,115.65233612060547,292.298095703125
2023-07-11,186.00445556640625,326.842041015625,128.77999877929688,116.33759307861328,296.4624328613281
2023-07-12,187.67581176757812,331.4920654296875,130.8000030517578,118.1153564453125,307.4446716308594
2023-07-13,188.4373016357422,336.8595886230469,134.3000030517578,123.68692016601562,311.48974609375
2023-07-14,188.58566284179688,339.3959045410156,134.67999267578125,124.56089782714844,306.97760009765625
2023-07-17,191.8492431640625,339.87762451171875,133.55999755859375,123.7961654663086,308.7168273925781
2023-07-18,191.5921173095703,353.4046630859375,132.8300018310547,122.91226196289062,310.1380615234375
2023-07-19,192.94700622558594,349.0693664550781,135.36000061035156,121.19410705566406,314.0738220214844
2023-07-20,190.9987335205078,340.998291015625,129.9600067138672,118.38349914550781,300.66644287109375
2023-07-21,189.82186889648438,337.9508056640625,130.0,119.1978759765625,292.4571228027344
2023-07-24,190.6229248046875,339.2680969238281,128.8000030517578,120.69754028320312,289.82330322265625
2023-07-25,191.4833221435547,345.03875732421875,129.1300048828125,121.37288665771484,292.665771484375
2023-07-26,192.3535919189453,332.0523376464844,128.14999389648438,128.38450622558594,296.7406921386719
2023-07-27,191.08773803710938,325.1217346191406,128.25,128.51361083984375,309.8001708984375
2023-07-28,193.6689453125,332.6421813964844,132.2100067138672,131.67184448242188,323.48583984375
2023-07-31,194.28207397460938,330.2337341308594,133.67999267578125,131.81088256835938,316.6479797363281
2023-08-01,193.4513702392578,330.6466064453125,131.69000244140625,130.64889526367188,320.7327575683594
2023-08-02,190.45480346679688,321.9562072753906,128.2100067138672,127.50061798095703,312.3842468261719
2023-08-03,189.0603485107422,321.1304626464844,128.91000366210938,127.57012939453125,311.2711486816406
2023-08-04,179.98167419433594,322.2315368652344,139.57000732421875,127.23245239257812,308.826171875
2023-08-07,176.87632751464844,324.5220031738281,142.22000122070312,130.6290283203125,314.6204528808594
2023-08-08,177.81582641601562,320.5307312011719,139.94000244140625,130.4999237060547,310.7244873046875
2023-08-09,176.2235870361328,316.7754211425781,137.85000610351562,128.7718505859375,303.3399963378906
2023-08-10,176.0060272216797,317.4635925292969,138.55999755859375,128.80165100097656,303.8667297363281
2023-08-11,176.0654296875,315.5760803222656,138.41000366210938,128.6725311279297,299.7918701171875
2023-08-14,177.71926879882812,318.5547790527344,140.57000732421875,130.43038940429688,304.31396484375
2023-08-15,175.72872924804688,316.4117126464844,137.6699981689453,128.8910369873047,300.1000061035156
2023-08-16,174.8572998046875,315.64324951171875,135.07000732421875,127.81841278076172,292.4869079589844
2023-08-17,172.31219482421875,312.175537109375,133.97999572753906,129.0300750732422,283.3432312011719
2023-08-18,172.79747009277344,311.781494140625,133.22000122070312,126.5869140625,281.5145568847656
2023-08-21,174.13436889648438,317.1013488769531,134.67999267578125,127.49066925048828,288.123779296875
2023-08-22,175.5108642578125,317.67266845703125,134.25,128.19583129882812,285.8378601074219
2023-08-23,179.3631591796875,322.1452941894531,135.52000427246094,131.46328735351562,292.43719482421875
2023-08-24,174.66912841796875,315.21966552734375,131.83999633789062,128.8910369873047,284.9931335449219
2023-08-25,176.87747192382812,318.1849670410156,133.25999450683594,128.9903564453125,283.750732421875
2023-08-28,178.4421844482422,318.894287109375,133.13999938964844,130.11257934570312,288.4815979003906
2023-08-29,182.33404541015625,323.534423828125,134.91000366210938,133.6482391357422,296.16424560546875
2023-08-30,185.8297882080078,323.9087219238281,135.07000732421875,134.94923400878906,293.29193115234375
2023-08-31,186.04766845703125,322.89404296875,138.00999450683594,135.2372283935547,294.0771179199219
2023-09-01,187.6222381591797,323.7806091308594,138.1199951171875,134.7307586669922,294.5641174316406
2023-09-04,187.6222381591797,323.7806091308594,138.1199951171875,134.7307586669922,294.5641174316406
2023-09-05,187.8599090576172,328.5980224609375,137.27000427246094,134.83999633789062,298.31097412109375
2023-09-06,181.13580322265625,327.9380187988281,135.36000061035156,133.53895568847656,297.3370361328125
2023-09-07,175.83767700195312,325.0120849609375,137.85000610351562,134.33349609375,296.840087890625
2023-09-08,176.45166015625,329.30731201171875,138.22999572753906,135.44581604003906,296.0648498535156
2023-09-11,177.62020874023438,332.9228820800781,143.10000610351562,135.98211669921875,305.67559814453125
2023-09-12,174.58990478515625,326.8444519042969,141.22999572753906,134.41294860839844,299.8117370605469
2023-09-13,172.52017211914062,331.07080078125,144.85000610351562,135.7735595703125,303.19091796875
2023-09-14,174.03533935546875,333.671630859375,144.72000122070312,137.15403747558594,309.8100891113281
2023-09-15,173.3124237060547,325.3174743652344,140.38999938964844,136.4588165283203,298.4700622558594
2023-09-18,176.2436981201172,324.1746826171875,139.97999572753906,137.26329040527344,300.6962890625
2023-09-19,177.33302307128906,323.77081298828125,137.6300048828125,137.09445190429688,303.2008361816406
2023-09-20,173.7877655029297,316.0078125,135.2899932861328,132.8238983154297,297.833984375
2023-09-21,172.2428741455078,314.7862243652344,129.3300018310547,129.5465087890625,293.9180603027344
2023-09-22,173.0945587158203,312.3036193847656,129.1199951171875,129.35780334472656,297.2475280761719
2023-09-25,174.3720245361328,312.82574462890625,131.27000427246094,130.21192932128906,298.9867858886719
2023-09-26,170.29200744628906,307.5058898925781,125.9800033569336,127.6893310546875,297.1282653808594
2023-09-27,168.77685546875,308.146240234375,125.9800033569336,129.64581298828125,295.915771484375
2023-09-28,169.0343017578125,308.983642578125,125.9800033569336,131.40370178222656,302.0976257324219
2023-09-29,169.54928588867188,311.0623474121094,127.12000274658203,129.96363830566406,298.37060546875
2023-10-02,172.0646514892578,317.0224914550781,129.4600067138672,133.25096130371094,304.94012451171875
2023-10-03,170.7277374267578,308.73736572265625,124.72000122070312,131.52285766601562,299.0961608886719
2023-10-04,171.9755096435547,314.22467041015625,127.0,134.3136444091797,303.707763671875
2023-10-05,173.21339416503906,314.6187438964844,125.95999908447266,134.14480590820312,302.922607421875
2023-10-06,175.76837158203125,322.40142822265625,127.95999908447266,136.63758850097656,313.49737548828125
2023-10-09,177.2538299560547,324.9234619140625,128.25999450683594,137.4718475341797,316.409423828125
2023-10-10,176.65963745117188,323.51470947265625,129.47999572753906,137.1143035888672,319.86810302734375
2023-10-11,178.05596923828125,327.4848327636719,131.8300018310547,139.58724975585938,325.81146240234375
2023-10-12,178.9571533203125,326.2435302734375,132.3300018310547,138.01808166503906,322.17388916015625
2023-10-13,177.11517333984375,322.8644714355469,129.7899932861328,136.41909790039062,312.76190185546875
2023-10-16,176.98641967773438,327.7015380859375,132.5500030517578,138.14718627929688,319.18231201171875
2023-10-17,175.431640625,327.130126953125,131.47000122070312,138.762939453125,322.0148620605469
2023-10-18,174.13436889648438,325.2091369628906,128.1300048828125,137.01499938964844,315.0279541015625
2023-10-19,173.75802612304688,326.4011535644531,128.39999389648438,136.8064422607422,310.8934631347656
2023-10-20,171.20309448242188,321.8201904296875,125.16999816894531,134.67117309570312,306.7589416503906
2023-10-23,171.3218994140625,324.43084716796875,126.55999755859375,135.56500244140625,312.0860595703125
2023-10-24,171.7576446533203,325.6228942871094,128.55999755859375,137.85916137695312,310.6349792480469
2023-10-25,169.4403533935547,335.61236572265625,121.38999938964844,124.74958801269531,297.6947937011719
2023-10-26,165.27117919921875,323.0220947265625,119.56999969482422,121.44239807128906,286.58331298828125
2023-10-27,166.58827209472656,324.91357421875,127.73999786376953,121.3331527709961,294.91192626953125
2023-10-30,168.63818359375,332.30218505859375,132.7100067138672,123.60746765136719,300.8056335449219
2023-10-31,169.11355590820312,333.09033203125,133.08999633789062,123.23007202148438,299.4241027832031
2023-11-01,172.2825164794922,340.93218994140625,137.0,125.5838394165039,309.9393310546875
2023-11-02,175.8476104736328,343.1488037109375,138.07000732421875,126.61671447753906,308.9653015136719
2023-11-03,174.93650817871094,347.5622863769531,138.60000610351562,128.21568298339844,312.6724853515625
2023-11-06,177.49147033691406,351.2369079589844,139.74000549316406,129.35780334472656,313.8650817871094
2023-11-07,180.05638122558594,355.177490234375,142.7100067138672,130.0728759765625,316.8666076660156
2023-11-08,181.11598205566406,357.8078918457031,142.0800018310547,130.93690490722656,317.82073974609375
2023-11-09,180.64065551757812,355.3351135253906,140.60000610351562,129.34788513183594,318.58599853515625
2023-11-10,184.83511352539062,364.18182373046875,143.55999755859375,131.6817626953125,326.7556457519531
2023-11-13,183.24856567382812,361.2361755371094,142.58999633789062,131.1852264404297,327.17303466796875
2023-11-14,185.8664093017578,364.7728576660156,145.8000030517578,132.7047119140625,334.24945068359375
2023-11-15,186.43161010742188,364.9210205078125,143.1999969482422,133.6978759765625,330.6715087890625
2023-11-16,188.11734008789062,371.3374938964844,142.8300018310547,135.9920654296875,332.1424255371094
2023-11-17,188.0974884033203,365.0986328125,145.17999267578125,134.38316345214844,332.98724365234375
2023-11-20,189.8427276611328,372.59112548828125,146.1300048828125,135.3166961669922,337.88702392578125
2023-11-21,189.0395050048828,368.2773132324219,143.89999389648438,136.03179931640625,334.9153137207031
2023-11-22,189.70388793945312,372.9958801269531,146.7100067138672,137.54136657714844,339.397705078125
2023-11-23,189.70388793945312,372.9958801269531,146.7100067138672,137.54136657714844,339.397705078125
2023-11-24,188.3751678466797,372.5813293457031,146.74000549316406,135.7537078857422,336.15771484375
2023-11-27,188.19667053222656,373.74609375,147.72999572753906,135.4756317138672,332.64935302734375
2023-11-28,188.8015594482422,377.7835998535156,147.02999877929688,136.2601776123047,336.91302490234375
2023-11-29,187.7801971435547,373.9830627441406,146.32000732421875,134.06533813476562,330.1646728515625
2023-11-30,188.35531616210938,374.042236328125,146.08999633789062,131.62217712402344,325.1455993652344
2023-12-01,189.6344757080078,369.69879150390625,147.02999877929688,130.95677185058594,322.829833984375
2023-12-04,187.83969116210938,364.39776611328125,144.83999633789062,128.38450622558594,318.0592346191406
2023-12-05,191.7961883544922,367.7343444824219,146.8800048828125,130.09275817871094,316.3398742675781
2023-12-06,190.70541381835938,364.06207275390625,144.52000427246094,129.12939453125,315.5049743652344
2023-12-07,192.63905334472656,366.1845703125,146.8800048828125,135.9920654296875,324.5889892578125
2023-12-08,194.06695556640625,369.42236328125,147.4199981689453,134.06533813476562,330.7112731933594
2023-12-11,191.55821228027344,366.5299987792969,145.88999938964844,132.37698364257812,323.28704833984375
2023-12-12,193.0753631591797,369.5704650878906,147.47999572753906,131.6122589111328,332.1722717285156
2023-12-13,196.29806518554688,369.5605773925781,148.83999633789062,131.66192626953125,332.6890563964844
2023-12-14,196.44679260253906,361.22900390625,147.4199981689453,131.03623962402344,331.12872314453125
2023-12-15,195.91134643554688,365.9674072265625,149.97000122070312,131.69171142578125,332.8679504394531
2023-12-18,194.2454376220703,367.8626403808594,154.07000732421875,134.86978149414062,342.5085754394531
2023-12-19,195.28665161132812,368.4648742675781,153.7899932861328,135.71397399902344,348.2133483886719
2023-12-20,193.19435119628906,365.8587341308594,152.1199951171875,137.39239501953125,347.13995361328125
2023-12-21,193.0455780029297,368.74127197265625,153.83999633789062,139.45814514160156,351.9205017089844
2023-12-22,191.9746856689453,369.76788330078125,153.4199981689453,140.52084350585938,351.2248229980469
2023-12-25,191.9746856689453,369.76788330078125,153.4199981689453,140.52084350585938,351.2248229980469
2023-12-26,191.42929077148438,369.8468322753906,153.41000366210938,140.5506134033203,352.6559753417969
2023-12-27,191.52845764160156,369.2644958496094,153.33999633789062,139.40847778320312,355.6375732421875
2023-12-28,191.95486450195312,370.4588623046875,153.3800048828125,139.2694549560547,356.1246032714844
2023-12-29,190.9136505126953,371.2091979980469,151.94000244140625,138.733154296875,351.79132080078125
2024-01-01,190.9136505126953,371.2091979980469,151.94000244140625,138.733154296875,351.79132080078125
2024-01-02,184.08151245117188,366.10552978515625,149.92999267578125,137.2235565185547,344.1683044433594
2024-01-03,182.70318603515625,365.8390197753906,148.47000122070312,137.96841430664062,342.3594665527344
2024-01-04,180.3828125,363.2131652832031,144.57000732421875,135.4557342529297,344.99322509765625
2024-01-05,179.658935546875,363.025634765625,145.24000549316406,134.8002471923828,349.7936096191406
2024-01-08,184.00216674804688,369.8764953613281,149.10000610351562,137.8889617919922,356.4625244140625
2024-01-09,183.58570861816406,370.9623718261719,151.3699951171875,139.98452758789062,355.2400207519531
2024-01-10,184.62689208984375,377.8526611328125,153.72999572753906,141.30538940429688,368.2001647949219
2024-01-11,184.03192138671875,379.68878173828125,155.17999267578125,141.1067657470703,367.40509033203125
2024-01-12,184.35914611816406,383.4794921875,154.6199951171875,141.67286682128906,372.19549560546875
2024-01-15,184.35914611816406,383.4794921875,154.6199951171875,141.67286682128906,372.19549560546875
2024-01-16,182.08839416503906,385.2563171386719,153.16000366210938,141.51397705078125,365.20855712890625
2024-01-17,181.14634704589844,384.4665832519531,151.7100067138672,140.50096130371094,366.11297607421875
2024-01-18,187.04640197753906,388.8100891113281,153.5,142.49717712402344,373.825439453125
2024-01-19,189.9517822265625,393.5484313964844,155.33999633789062,145.37733459472656,381.10064697265625
2024-01-22,192.26223754882812,391.41619873046875,154.77999877929688,144.99000549316406,379.4408264160156
2024-01-23,193.54139709472656,393.77545166015625,156.02000427246094,146.03280639648438,382.83990478515625
2024-01-24,192.8671112060547,397.3884582519531,156.8699951171875,147.68141174316406,388.30621337890625
2024-01-25,192.53988647460938,399.6687927246094,157.75,150.82968139648438,390.7709655761719
2024-01-26,190.80458068847656,398.7408447265625,159.1199951171875,151.1475067138672,391.7251281738281
2024-01-29,190.12037658691406,404.45648193359375,161.25999450683594,152.45848083496094,398.5629577636719
2024-01-30,186.46136474609375,403.34100341796875,159.0,150.4225311279297,397.6088562011719
2024-01-31,182.85191345214844,392.4724426269531,155.1999969482422,139.14035034179688,387.7496643066406
2024-02-01,185.291259765625,398.5927429199219,159.27999877929688,140.1930694580078,392.3612365722656
2024-02-02,184.2897491455078,405.9371643066406,171.80999755859375,141.40472412109375,472.0797424316406
2024-02-05,186.1043701171875,400.4386901855469,170.30999755859375,142.69581604003906,456.5952453613281
2024-02-06,187.71078491210938,400.2807922363281,169.14999389648438,143.11293029785156,451.9339294433594
2024-02-07,187.81983947753906,408.7308349609375,170.52999877929688,144.54306030273438,466.7128601074219
2024-02-08,186.739013671875,408.7900695800781,169.83999633789062,144.91053771972656,467.1203308105469
2024-02-09,187.50352478027344,415.1473083496094,174.4499969482422,147.9793701171875,465.2419128417969
2024-02-12,185.81564331054688,409.9252624511719,172.33999633789062,146.5194549560547,466.0270690917969
2024-02-13,183.7206573486328,401.10015869140625,168.63999938964844,144.14581298828125,457.3008728027344
2024-02-14,182.83700561523438,404.9768981933594,170.97999572753906,144.9403533935547,470.3802795410156
2024-02-15,182.549072265625,402.0792236328125,169.8000030517578,141.79205322265625,481.0643615722656
2024-02-16,181.01011657714844,399.6067810058594,169.50999450683594,139.55746459960938,470.4200439453125
2024-02-19,181.01011657714844,399.6067810058594,169.50999450683594,139.55746459960938,470.4200439453125
2024-02-20,180.26548767089844,398.3507995605469,167.0800018310547,140.15333557128906,468.8596496582031
2024-02-21,181.0200958251953,397.74749755859375,168.58999633789062,141.57354736328125,465.65594482421875
2024-02-22,183.05545043945312,407.1131286621094,174.5800018310547,143.10301208496094,483.6641845703125
2024-02-23,181.21864318847656,405.8175354003906,174.99000549316406,142.97389221191406,481.5747985839844
2024-02-26,179.86834716796875,403.0484313964844,174.72999572753906,136.627685546875,479.29638671875
2024-02-27,181.32785034179688,402.9891357421875,173.5399932861328,137.9287109375,484.5794677734375
2024-02-28,180.12648010253906,403.2264404296875,173.16000366210938,135.44581604003906,481.5648193359375
2024-02-29,179.46127319335938,409.0811767578125,176.75999450683594,137.51158142089844,487.6438903808594
2024-03-01,178.37904357910156,410.92071533203125,178.22000122070312,136.2006072998047,499.75213623046875
2024-03-04,173.85154724121094,410.3471374511719,177.5800018310547,132.4365692138672,495.6629333496094
2024-03-05,168.90704345703125,398.21234130859375,174.1199951171875,131.76121520996094,487.7333984375
2024-03-06,167.91416931152344,397.6584777832031,173.50999450683594,130.4999237060547,493.5735778808594
2024-03-07,167.79502868652344,404.6308288574219,176.82000732421875,133.4595184326172,509.59197998046875
2024-03-08,169.5126953125,401.7429504394531,175.35000610351562,134.48245239257812,503.3836364746094
2024-03-11,171.518310546875,400.0616760253906,171.9600067138672,136.72698974609375,481.1370544433594
2024-03-12,171.99485778808594,410.7030944824219,175.38999938964844,137.55130004882812,497.215087890625
2024-03-13,169.90985107421875,410.5251159667969,176.55999755859375,138.8324432373047,493.0562744140625
2024-03-14,171.7665252685547,420.5335998535156,178.75,142.11976623535156,489.335205078125
2024-03-15,171.3892364501953,411.8305969238281,174.4199981689453,140.2129364013672,481.6445007324219
2024-03-18,172.48138427734375,412.72064208984375,174.47999572753906,146.6684112548828,494.4591369628906
2024-03-19,174.82455444335938,416.76556396484375,175.89999389648438,146.02284240722656,493.72283935546875
2024-03-20,177.39608764648438,420.5434875488281,178.14999389648438,147.7211456298828,502.9557800292969
2024-03-21,170.14813232421875,424.6378173828125,178.14999389648438,146.58897399902344,505.1844177246094
2024-03-22,171.05166625976562,424.0147705078125,178.8699951171875,149.73724365234375,506.99517822265625
2024-03-25,169.63185119628906,418.1995849609375,179.7100067138672,149.04205322265625,500.46844482421875
2024-03-26,168.49998474121094,417.0028991699219,178.3000030517578,149.63792419433594,493.3746337890625
2024-03-27,172.07432556152344,416.78533935546875,179.8300018310547,149.83656311035156,491.35491943359375
2024-03-28,170.25733947753906,416.0831604003906,180.3800048828125,149.89614868164062,483.116943359375
2024-03-29,170.25733947753906,416.0831604003906,180.3800048828125,149.89614868164062,483.116943359375
2024-04-01,168.81768798828125,419.8907470703125,180.97000122070312,154.42494201660156,488.8576354980469
2024-04-02,167.63619995117188,416.7952575683594,180.69000244140625,153.50128173828125,494.84710693359375
2024-04-03,168.44041442871094,415.8161315917969,182.41000366210938,153.8588104248047,504.16961669921875
2024-04-04,167.61631774902344,413.2745056152344,180.0,149.49887084960938,508.3284606933594
2024-04-05,168.37091064453125,420.83026123046875,185.07000732421875,151.45538330078125,524.6651611328125
2024-04-08,167.24896240234375,419.9104919433594,185.19000244140625,153.78929138183594,516.6160888671875
2024-04-09,168.4602508544922,421.5818786621094,185.6699981689453,155.52732849121094,514.278076171875
2024-04-10,166.58372497558594,418.59521484375,185.9499969482422,155.0704803466797,517.1932373046875
2024-04-11,173.79197692871094,423.2136535644531,189.0500030517578,158.31808471679688,520.50634765625
2024-04-12,175.29119873046875,417.25018310546875,186.1300048828125,156.6495819091797,509.30340576171875
2024-04-15,171.458740234375,409.0811767578125,183.6199951171875,153.79922485351562,497.692626953125
2024-04-16,168.17234802246094,410.0108337402344,183.32000732421875,153.34237670898438,497.22503662109375
2024-04-17,166.8021697998047,407.301025390625,181.27999877929688,154.40505981445312,491.6633605957031
2024-04-18,165.8489990234375,399.8144226074219,179.22000122070312,154.94134521484375,499.254638671875
2024-04-19,163.8235626220703,394.7212219238281,174.6300048828125,153.0345001220703,478.62982177734375
2024-04-22,164.6575927734375,396.5409240722656,177.22999572753906,155.20950317382812,479.28643798828125
2024-04-23,165.7100067138672,403.0780944824219,179.5399932861328,157.1759490966797,493.58355712890625
2024-04-24,167.81492614746094,404.5516357421875,176.58999633789062,158.0399932861328,490.9967956542969
2024-04-25,168.67869567871094,394.6421203613281,173.6699981689453,154.93141174316406,439.14111328125
2024-04-26,168.09291076660156,401.8418884277344,179.6199951171875,170.7721710205078,441.04144287109375
2024-04-29,172.26295471191406,397.81671142578125,180.9600067138672,165.0118865966797,430.425537109375
2024-04-30,169.1155548095703,385.0390930175781,175.0,161.66497802734375,427.9880065917969
2024-05-01,168.09291076660156,390.5872802734375,179.0,162.73757934570312,436.9622497558594
2024-05-02,171.7963104248047,393.455322265625,184.72000122070312,165.47865295410156,439.4396057128906
2024-05-03,182.07249450683594,402.1781311035156,186.2100067138672,166.09445190429688,449.66748046875
2024-05-06,180.4144287109375,408.9822998046875,188.6999969482422,166.9485626220703,463.3178405761719
2024-05-07,181.0994873046875,404.8285827636719,188.75999450683594,170.07696533203125,465.8648986816406
2024-05-08,181.43707275390625,406.0153503417969,188.0,168.2197723388672,470.2027893066406
2024-05-09,183.25404357910156,407.7757568359375,189.5,168.79579162597656,473.00848388671875
2024-05-10,181.9913787841797,410.1690368652344,187.47999572753906,167.49476623535156,473.7845153808594
2024-05-13,185.2026824951172,409.1603088378906,186.57000732421875,167.9813995361328,465.6360778808594
2024-05-14,186.34603881835938,411.9690246582031,187.07000732421875,169.17318725585938,469.4565734863281
2024-05-15,188.62281799316406,419.1718444824219,185.99000549316406,171.32833862304688,479.097412109375
2024-05-16,188.7421112060547,417.1011657714844,183.6300048828125,172.98687744140625,470.82958984375
2024-05-17,188.7719268798828,416.3283386230469,184.6999969482422,174.85401916503906,469.51629638671875
2024-05-20,189.93516540527344,421.4109802246094,183.5399932861328,175.70814514160156,466.46185302734375
2024-05-21,191.2375946044922,425.0768127441406,183.14999389648438,176.63174438476562,462.2731628417969
2024-05-22,189.79598999023438,426.54315185546875,183.1300048828125,175.1718292236328,465.4072265625
2024-05-23,185.7992401123047,423.0556335449219,181.0500030517578,172.3612060546875,463.4173583984375
2024-05-24,188.8813018798828,426.18646240234375,180.75,173.7913360595703,475.7942810058594
2024-05-27,188.8813018798828,426.18646240234375,180.75,173.7913360595703,475.7942810058594
2024-05-28,188.8912353515625,426.3450012207031,182.14999389648438,175.19168090820312,477.48565673828125
2024-05-29,189.18951416015625,425.20562744140625,182.02000427246094,174.69509887695312,471.953857421875
2024-05-30,190.18373107910156,410.83953857421875,179.32000732421875,170.9310760498047,464.680908203125
2024-05-31,191.13816833496094,411.2952880859375,176.44000244140625,171.31837463378906,464.4620361328125
2024-06-03,192.9078826904297,409.70013427734375,178.33999633789062,171.98379516601562,475.06793212890625
2024-06-04,193.2260284423828,412.22662353515625,179.33999633789062,172.59954833984375,474.57049560546875
2024-06-05,194.7372283935547,420.0932922363281,181.27999877929688,174.20848083496094,492.548828125
2024-06-06,193.3552703857422,420.5985107421875,185.0,175.51942443847656,491.2554626464844
2024-06-07,195.7513427734375,419.93475341796875,184.3000030517578,173.2649688720703,490.45947265625
2024-06-10,192.0031280517578,423.9176025390625,187.05999755859375,174.01068115234375,500.0505676269531
2024-06-11,205.9519805908203,428.68316650390625,187.22999572753906,175.6114959716797,504.8959045410156
2024-06-12,211.8377685546875,436.98577880859375,186.88999938964844,176.7748260498047,506.2589416503906
2024-06-13,213.00099182128906,437.5009765625,183.8300018310547,174.1598358154297,501.54302978515625
2024-06-14,211.26112365722656,438.4818420410156,183.66000366210938,175.780517578125,502.1007080078125
2024-06-17,215.41693115234375,444.2282409667969,184.05999755859375,176.22796630859375,504.5606384277344
2024-06-18,213.0507049560547,442.2170104980469,182.80999755859375,174.0902099609375,497.44976806640625
2024-06-19,213.0507049560547,442.2170104980469,182.80999755859375,174.0902099609375,497.44976806640625
2024-06-20,208.46734619140625,441.58294677734375,186.10000610351562,175.29335021972656,499.6507873535156
2024-06-21,206.2900390625,445.6252136230469,189.0800018310547,178.60430908203125,492.759033203125
2024-06-24,206.93626403808594,443.53472900390625,185.57000732421875,178.1966552734375,496.8721618652344
2024-06-25,207.86090087890625,446.784423828125,186.33999633789062,182.97918701171875,508.5144348144531
2024-06-26,212.0167236328125,447.98321533203125,193.61000061035156,182.83004760742188,511.02410888671875
2024-06-27,212.86181640625,448.6668395996094,197.85000610351562,184.351318359375,517.4378051757812
2024-06-28,209.40191650390625,442.82135009765625,193.25,181.10992431640625,502.1604309082031
2024-07-01,215.49647521972656,452.510986328125,197.1999969482422,181.9451141357422,502.6185607910156
2024-07-02,218.99612426757812,455.0374450683594,200.0,184.18228149414062,507.41888427734375
2024-07-03,220.2687225341797,456.5137023925781,197.58999633789062,184.75897216796875,507.8770446777344
2024-07-04,220.2687225341797,456.5137023925781,197.58999633789062,184.75897216796875,507.8770446777344
2024-07-05,225.031005859375,463.240966796875,200.0,189.51168823242188,537.70458984375
2024-07-08,226.50247192382812,461.9331970214844,199.2899932861328,187.9506378173828,527.1578979492188
2024-07-09,227.3574676513672,455.2950744628906,199.33999633789062,187.9009246826172,527.835205078125
2024-07-10,231.63259887695312,461.9430847167969,199.7899932861328,190.08834838867188,532.5059814453125
2024-07-11,226.25390625,450.49981689453125,195.0500030517578,184.51040649414062,510.6058349609375
2024-07-12,229.20672607421875,449.3603820800781,194.49000549316406,184.01324462890625,496.8323059082031
2024-07-15,233.04440307617188,449.7666015625,192.72000122070312,185.46490478515625,494.13336181640625
2024-07-16,233.46197509765625,445.3676452636719,193.02000427246094,182.8698272705078,487.7894287109375
2024-07-17,227.5563201904297,439.42303466796875,187.92999267578125,179.9863739013672,460.1029357910156
2024-07-18,222.88351440429688,436.3021240234375,183.75,176.67539978027344,473.9063720703125
2024-07-19,223.01275634765625,433.0722351074219,183.1300048828125,176.6455535888672,474.8424987792969
2024-07-22,222.664794921875,438.8484191894531,182.5500030517578,180.63267517089844,485.4091796875
2024-07-23,223.7086944580078,440.74078369140625,186.41000366210938,180.75196838378906,486.69390869140625
2024-07-24,217.27613830566406,424.9381103515625,180.8300018310547,171.64427185058594,459.3858642578125
2024-07-25,216.23220825195312,414.53509521484375,179.85000610351562,166.3248291015625,451.5579833984375
2024-07-26,216.69949340820312,421.34161376953125,182.5,166.0464324951172,463.7978515625
2024-07-29,216.97787475585938,422.78814697265625,183.1999969482422,168.56198120117188,463.8077697753906
2024-07-30,217.53460693359375,419.01336669921875,181.7100067138672,169.31764221191406,461.2980651855469
2024-07-31,220.795654296875,414.4855651855469,186.97999572753906,170.56048583984375,472.8904724121094
2024-08-01,217.09716796875,413.2569885253906,184.07000732421875,169.78494262695312,495.7069091796875
2024-08-02,218.5885009765625,404.71661376953125,167.89999389648438,165.7083740234375,486.1461486816406
2024-08-05,208.05975341796875,391.4998779296875,161.02000427246094,158.34066772460938,473.7868347167969
2024-08-06,206.0315399169922,395.9186706542969,161.92999267578125,157.3861541748047,492.07183837890625
2024-08-07,208.60655212402344,394.74957275390625,162.77000427246094,158.03244018554688,486.9230041503906
2024-08-08,212.0763702392578,398.9701843261719,165.8000030517578,161.10479736328125,507.5483703613281
2024-08-09,214.9894256591797,402.2694396972656,166.94000244140625,162.73544311523438,515.6550903320312
2024-08-12,216.52230834960938,403.05218505859375,166.8000030517578,161.36331176757812,513.8425903320312
2024-08-13,220.24496459960938,410.1856384277344,170.22999572753906,163.22264099121094,526.3812255859375
2024-08-14,220.69290161132812,413.0093078613281,170.10000610351562,159.45428466796875,524.6083984375
2024-08-15,223.6790008544922,417.89263916015625,177.58999633789062,160.37896728515625,535.1353149414062
2024-08-16,225.00283813476562,415.35174560546875,177.05999755859375,162.0294952392578,525.2656860351562
2024-08-19,224.8435821533203,418.388916015625,178.22000122070312,165.7183074951172,527.1181030273438
2024-08-20,225.46070861816406,421.63458251953125,178.8800048828125,166.22540283203125,524.5784912109375
2024-08-21,225.3511962890625,420.9794921875,180.11000061035156,164.90298461914062,532.9740600585938
2024-08-22,223.48988342285156,412.4534606933594,176.1300048828125,162.8647003173828,529.7572631835938
2024-08-23,225.78916931152344,413.68426513671875,177.0399932861328,164.67430114746094,525.8433837890625
2024-08-26,226.12757873535156,410.4088439941406,175.5,165.21121215820312,518.991455078125
2024-08-27,226.97364807128906,410.7562561035156,173.1199951171875,163.7396697998047,516.9796752929688
2024-08-28,225.44078063964844,407.5403747558594,170.8000030517578,161.92013549804688,514.6692504882812
2024-08-29,228.7255096435547,410.0416259765625,172.1199951171875,160.85621643066406,516.1032104492188
2024-08-30,227.9391632080078,414.0316467285156,178.5,162.44711303710938,519.1806640625
2024-09-02,227.9391632080078,414.0316467285156,178.5,162.44711303710938,519.1806640625
2024-09-03,221.73802185058594,406.3890380859375,176.25,156.4614715576172,509.6696472167969
2024-09-04,219.82691955566406,405.8530578613281,173.3300018310547,155.55667114257812,510.6456604003906
2024-09-05,221.34982299804688,405.34686279296875,177.88999938964844,156.34214782714844,514.7488403320312
2024-09-06,219.7970733642578,398.7067565917969,171.38999938964844,150.05825805664062,498.2265930175781
2024-09-09,219.8866424560547,402.6967468261719,175.39999389648438,148.0570831298828,502.7281494140625
2024-09-10,219.09034729003906,411.1135559082031,179.5500030517578,148.0072784423828,502.7281494140625
2024-09-11,221.62852478027344,419.8876953125,184.52000427246094,150.49632263183594,509.7393493652344
2024-09-12,221.73802185058594,423.81817626953125,187.0,154.01080322265625,523.4530639648438
2024-09-13,221.4692840576172,427.38140869140625,186.49000549316406,156.76864624023438,522.4771728515625
2024-09-16,215.31790161132812,428.1258239746094,184.88999938964844,157.36599731445312,531.6084594726562
2024-09-17,215.78570556640625,431.9074401855469,186.8800048828125,158.62049865722656,534.6389770507812
2024-09-18,219.66766357421875,427.59979248046875,186.42999267578125,159.1083221435547,536.2637939453125
2024-09-19,227.8097686767578,435.4210510253906,189.8699951171875,161.42808532714844,557.3474731445312
2024-09-20,227.1428680419922,432.02655029296875,191.60000610351562,162.87173461914062,559.5904541015625
2024-09-23,225.42088317871094,430.2796936035156,193.8800048828125,161.13937377929688,562.6408081054688
2024-09-24,226.31671142578125,425.9720153808594,193.9600067138672,161.5774383544922,561.5642700195312
2024-09-25,225.32135009765625,428.8901062011719,192.52999877929688,160.7809600830078,566.528564453125
2024-09-26,226.4660186767578,428.0960388183594,191.16000366210938,162.01551818847656,566.0601196289062
2024-09-27,226.73475646972656,424.8305358886719,187.97000122070312,163.2301483154297,565.5816040039062
2024-09-30,231.920654296875,427.0935363769531,186.3300018310547,165.12181091308594,570.6456909179688
2024-10-01,225.16209411621094,417.55517578125,185.1300048828125,166.2568359375,574.6630249023438
2024-10-02,225.72946166992188,414.0217590332031,184.75999450683594,165.13177490234375,571.0145263671875
2024-10-03,224.6245880126953,413.4361267089844,181.9600067138672,165.13177490234375,580.9432983398438
2024-10-04,225.74935913085938,412.959716796875,186.50999450683594,166.3264923095703,594.0720825195312
2024-10-07,220.66302490234375,406.4883117675781,180.8000030517578,162.264404296875,582.9470825195312
2024-10-08,224.72413635253906,411.6197509765625,182.72000122070312,163.65826416015625,591.0316162109375
2024-10-09,228.47666931152344,414.3492431640625,185.1699981689453,161.14932250976562,588.6590576171875
2024-10-10,227.97897338867188,412.7413330078125,186.64999389648438,161.36837768554688,582.0
2024-10-11,226.4958953857422,413.2177734375,188.82000732421875,162.5232696533203,588.1008911132812
2024-10-14,230.228515625,416.0167236328125,187.5399932861328,164.2357177734375,588.5692749023438
2024-10-15,232.76670837402344,415.6197204589844,187.69000244140625,164.73353576660156,584.4323120117188
2024-10-16,230.70628356933594,413.0192565917969,186.88999938964844,164.43482971191406,574.9819946289062
2024-10-17,231.07456970214844,413.61480712890625,187.52999877929688,162.21463012695312,575.12158203125
2024-10-18,233.91136169433594,415.0440368652344,188.99000549316406,162.70248413085938,574.6630249023438
2024-10-21,235.384521484375,415.659423828125,189.07000732421875,163.34963989257812,573.357177734375
2024-10-22,234.76739501953125,424.32440185546875,189.6999969482422,164.41493225097656,580.1857299804688
2024-10-23,229.69100952148438,421.4360656738281,184.7100067138672,162.06529235839844,561.923095703125
2024-10-24,229.5019073486328,421.5650634765625,186.3800048828125,162.00555419921875,566.0003051757812
2024-10-25,230.3380126953125,424.9595947265625,187.8300018310547,164.5443572998047,571.4531860351562
2024-10-28,232.3187713623047,423.4112548828125,188.38999938964844,165.9879913330078,576.3477172851562
2024-10-29,232.5875244140625,428.7312927246094,190.8300018310547,168.93499755859375,591.42041015625
2024-10-30,229.03407287597656,429.3069763183594,192.72999572753906,173.69400024414062,589.9449462890625
2024-10-31,224.8634796142578,403.3220520019531,186.39999389648438,170.35870361328125,565.8009033203125
2024-11-01,221.87738037109375,407.31207275390625,197.92999267578125,170.53790283203125,565.3822021484375
2024-11-04,220.98153686523438,405.4162902832031,195.77999877929688,168.49691772460938,558.9224853515625
2024-11-05,222.41488647460938,408.39398193359375,199.5,168.99473571777344,570.6357421875
2024-11-06,221.68826293945312,417.0489807128906,207.08999633789062,175.73501586914062,570.2568969726562
2024-11-07,226.42620849609375,422.2598876953125,210.0500030517578,179.95639038085938,589.8453369140625
2024-11-08,226.15716552734375,419.3913879394531,208.17999267578125,177.56692504882812,587.4927368164062
2024-11-11,223.43682861328125,414.8951721191406,206.83999633789062,179.55813598632812,581.3419799804688
2024-11-12,223.43682861328125,419.87774658203125,208.91000366210938,180.8225860595703,582.98681640625
2024-11-13,224.32366943359375,422.0316162109375,214.10000610351562,178.09458923339844,578.1819458007812
2024-11-14,227.41270446777344,423.7090148925781,211.47999572753906,174.80909729003906,575.3509521484375
2024-11-15,224.20408630371094,411.9075927734375,202.61000061035156,171.73265075683594,552.3432006835938
2024-11-18,227.21340942382812,412.6619567871094,201.6999969482422,174.5303192138672,552.6622924804688
2024-11-19,227.4724884033203,414.67681884765625,204.61000061035156,177.33792114257812,559.331298828125
2024-11-20,228.18994140625,412.3939208984375,202.8800048828125,175.2073211669922,563.7473754882812
2024-11-21,227.71163940429688,410.61370849609375,198.3800048828125,166.8939971923828,561.3250122070312
2024-11-22,229.05686950683594,414.7211608886719,197.1199951171875,164.03659057617188,557.3873901367188
2024-11-25,232.04624938964844,416.5013732910156,201.4499969482422,166.9138946533203,563.338623046875
2024-11-26,234.22850036621094,425.6510925292969,207.86000061035156,168.37744140625,571.7421875
2024-11-27,234.09896850585938,420.6784362792969,205.74000549316406,168.48696899414062,567.4158935546875
2024-11-28,234.09896850585938,420.6784362792969,205.74000549316406,168.48696899414062,567.4158935546875
2024-11-29,236.490478515625,421.1458435058594,207.88999938964844,168.20819091796875,572.519775390625
2024-12-02,238.7424774169922,428.6247863769531,210.7100067138672,170.73704528808594,590.9718017578125
2024-12-03,241.79165649414062,428.84356689453125,213.44000244140625,170.58770751953125,611.7265014648438
2024-12-04,242.15037536621094,435.0295715332031,218.16000366210938,173.60440063476562,611.8561401367188
2024-12-05,242.18028259277344,440.20111083984375,220.5500030517578,171.8820037841797,607.0213012695312
2024-12-06,241.98098754882812,441.14593505859375,227.02999877929688,173.94293212890625,621.8148193359375
2024-12-09,245.8771514892578,443.58251953125,226.08999633789062,174.80010986328125,611.646728515625
2024-12-10,246.8935546875,440.9072570800781,225.0399932861328,184.5682830810547,617.3787841796875
2024-12-11,245.61807250976562,446.5363464355469,230.25999450683594,194.76502990722656,630.6968383789062
2024-12-12,247.08290100097656,447.10321044921875,228.97000122070312,191.33621215820312,628.812744140625
2024-12-13,247.2522735595703,444.8257141113281,227.4600067138672,189.2031707763672,618.405517578125
2024-12-16,250.1519775390625,449.12213134765625,232.92999267578125,196.02093505859375,622.7852783203125
2024-12-17,252.58334350585938,451.9764404296875,231.14999389648438,194.7849578857422,617.9964599609375
2024-12-18,247.1725616455078,434.999755859375,220.52000427246094,187.7877655029297,595.79833984375
2024-12-19,248.90640258789062,434.6416931152344,223.2899932861328,187.89739990234375,594.1820678710938
2024-12-20,253.58978271484375,434.21405029296875,224.9199981689453,190.78799438476562,583.8861083984375
2024-12-23,254.36703491210938,432.8714294433594,225.05999755859375,193.99754333496094,598.4520874023438
2024-12-24,257.2866516113281,436.9291076660156,229.0500030517578,195.47271728515625,606.3336791992188
2024-12-25,257.2866516113281,436.9291076660156,229.0500030517578,195.47271728515625,606.3336791992188
2024-12-26,258.1037292480469,435.7157897949219,227.0500030517578,194.96438598632812,601.9439697265625
2024-12-27,254.68588256835938,428.1772155761719,223.75,192.13360595703125,598.4121704101562
2024-12-30,251.30787658691406,422.5083312988281,221.3000030517578,190.61854553222656,589.8621215820312
2024-12-31,249.5341796875,419.1965637207031,219.38999938964844,188.6848602294922,584.1455078125
2025-01-01,249.5341796875,419.1965637207031,219.38999938964844,188.6848602294922,584.1455078125
2025-01-02,242.9874267578125,416.2925109863281,220.22000122070312,188.81442260742188,597.8435668945312
2025-01-03,242.4991455078125,421.0364685058594,224.19000244140625,191.16676330566406,603.220947265625
2025-01-06,244.1333465576172,425.5118713378906,227.61000061035156,196.23025512695312,628.7313842773438
2025-01-07,241.3532257080078,420.0617980957031,222.11000061035156,194.85475158691406,616.4500732421875
2025-01-08,241.8414764404297,422.2398681640625,222.1300048828125,193.3197479248047,609.2967529296875
2025-01-09,241.8414764404297,422.2398681640625,222.1300048828125,193.3197479248047,609.2967529296875
2025-01-10,236.01217651367188,416.6604919433594,218.94000244140625,191.4159393310547,614.4248046875
2025-01-13,233.5708465576172,414.9101257324219,218.4600067138672,190.3892822265625,606.912353515625
2025-01-14,232.45480346679688,413.3984375,217.75999450683594,189.04367065429688,592.8651123046875
2025-01-15,237.028564453125,423.98028564453125,223.35000610351562,194.91453552246094,615.6818237304688
2025-01-16,227.45257568359375,422.25970458984375,220.66000366210938,192.28311157226562,609.8754272460938
2025-01-17,229.16647338867188,426.6854248046875,225.94000244140625,195.36306762695312,611.342041015625
2025-01-20,229.16647338867188,426.6854248046875,225.94000244140625,195.36306762695312,611.342041015625
2025-01-21,221.85244750976562,426.1582946777344,230.7100067138672,197.4064178466797,615.0234375
2025-01-22,223.03822326660156,443.7616271972656,235.00999450683594,197.72537231445312,622.0469970703125
2025-01-23,222.8688507080078,444.2687683105469,235.4199981689453,197.33663940429688,634.966796875
2025-01-24,221.991943359375,441.6332702636719,234.85000610351562,199.5594024658203,645.9811401367188
2025-01-27,229.04690551757812,432.1851806640625,235.4199981689453,191.1866912841797,658.3422241210938
2025-01-28,237.41717529296875,444.7561340332031,238.14999389648438,194.6653594970703,672.758544921875
2025-01-29,238.5133056640625,439.9127197265625,237.07000732421875,194.77499389648438,674.9135131835938
2025-01-30,236.7495574951172,412.7221374511719,234.63999938964844,200.2172393798828,685.3990478515625
2025-01-31,235.16519165039062,412.7917785644531,237.67999267578125,203.35702514648438,687.573974609375
2025-02-03,227.2034454345703,408.6744079589844,237.4199981689453,200.57606506347656,695.8345947265625
2025-02-04,231.9765167236328,410.116455078125,242.05999755859375,205.7093505859375,702.5489501953125
2025-02-05,231.64767456054688,411.0314636230469,236.1699981689453,190.70826721191406,703.2274169921875
2025-02-06,232.39501953125,413.547607421875,238.8300018310547,190.97738647460938,710.3307495117188
2025-02-07,226.82479858398438,407.5107727050781,229.14999389648438,184.7377166748047,712.8548583984375
2025-02-10,227.0941162109375,409.96728515625,233.13999938964844,185.8640594482422,715.7281494140625
2025-02-11,232.05198669433594,409.1915588378906,232.75999450683594,184.71780395507812,718.12255859375
2025-02-12,236.29161071777344,406.8046569824219,228.92999267578125,183.0133514404297,723.6895751953125
2025-02-13,240.9402313232422,408.2964782714844,230.3699951171875,185.53512573242188,726.8621826171875
2025-02-14,244.00274658203125,406.1979675292969,228.67999267578125,184.62806701660156,734.9532470703125
2025-02-17,244.00274658203125,406.1979675292969,228.67999267578125,184.62806701660156,734.9532470703125
2025-02-18,243.87306213378906,407.4013977050781,226.64999389648438,183.1728057861328,714.7005615234375
2025-02-19,244.27207946777344,412.5033264160156,226.6300048828125,184.66795349121094,702.1300048828125
2025-02-20,245.22975158691406,414.6857604980469,222.8800048828125,183.9602508544922,693.220703125
2025-02-21,244.95042419433594,406.793212890625,216.5800018310547,179.076171875,681.9570922851562
2025-02-24,246.49664306640625,402.59783935546875,212.7100067138672,178.66749572753906,666.572998046875
2025-02-25,246.43678283691406,396.51898193359375,212.8000030517578,174.84994506835938,655.9677734375
2025-02-26,239.77310180664062,398.3426513671875,214.35000610351562,172.16868591308594,672.1300048828125
2025-02-27,236.72056579589844,391.16766357421875,208.74000549316406,167.9524383544922,656.7059936523438
2025-02-28,241.24948120117188,395.6121520996094,212.27999877929688,169.7266387939453,666.642822265625
2025-03-03,237.4487762451172,387.14166259765625,205.02000427246094,166.46728515625,653.5234985351562
2025-03-04,235.35391235351562,387.26123046875,203.8000030517578,170.3645782470703,638.508544921875
2025-03-05,235.1643829345703,399.628173828125,208.36000061035156,172.45774841308594,654.940185546875
2025-03-06,234.75538635253906,395.5125427246094,200.6999969482422,171.78993225097656,626.4666137695312
2025-03-07,238.4862518310547,391.9449462890625,199.25,173.29502868652344,624.201904296875
2025-03-10,226.92454528808594,378.8406066894531,194.5399932861328,165.52139282226562,596.596435546875
2025-03-11,220.30075073242188,379.12957763671875,196.58999633789062,163.6952362060547,604.2985229492188
2025-03-12,216.45018005371094,381.9397888183594,198.88999938964844,166.7587890625,618.1162109375
2025-03-13,209.16799926757812,377.45538330078125,193.88999938964844,162.41793823242188,589.2636108398438
2025-03-14,212.9687042236328,387.21142578125,197.9499969482422,165.14219665527344,606.7233276367188
2025-03-17,213.4774627685547,387.3509521484375,195.74000549316406,163.9447021484375,604.0272827148438
2025-03-18,212.17066955566406,382.18890380859375,192.82000732421875,160.3323211669922,581.5197143554688
2025-03-19,214.7144317626953,386.4740295410156,195.5399932861328,163.54556274414062,583.2173461914062
2025-03-20,213.5772247314453,385.49737548828125,194.9499969482422,162.45785522460938,585.1544799804688
2025-03-21,217.73704528808594,389.9020690917969,196.2100067138672,163.64535522460938,595.3897094726562
2025-03-24,220.19102478027344,391.7157287597656,203.25999450683594,167.3275909423828,617.9570922851562
2025-03-25,223.2036590576172,393.7885437011719,205.7100067138672,170.2015380859375,625.4063720703125
2025-03-26,220.98907470703125,388.6165466308594,201.1300048828125,164.7130889892578,610.0984497070312
2025-03-27,223.3034210205078,389.2243957519531,201.36000061035156,161.89903259277344,601.7105712890625
2025-03-28,217.36793518066406,377.48529052734375,192.72000122070312,154.0056610107422,575.9078369140625
2025-03-31,221.58761596679688,374.087158203125,190.25999450683594,154.31500244140625,575.5284423828125
2025-04-01,222.64503479003906,380.8635559082031,192.1699981689453,156.73989868164062,585.1544799804688
2025-04-02,223.34332275390625,380.813720703125,196.00999450683594,156.70994567871094,583.0874633789062
2025-04-03,202.69384765625,371.8150329589844,178.41000366210938,150.4032440185547,530.8529663085938
2025-04-04,187.92002868652344,358.59112548828125,171.0,145.29400634765625,504.00177001953125
2025-04-07,181.0169219970703,356.61798095703125,175.25999450683594,146.4415740966797,515.505126953125
2025-04-08,171.9989776611328,353.3294372558594,170.66000366210938,144.39588928222656,509.7135314941406
2025-04-09,198.3644561767578,389.13470458984375,191.10000610351562,158.37644958496094,584.9248657226562
2025-04-10,189.9550323486328,380.0264587402344,181.22000122070312,152.4988250732422,545.5018310546875
2025-04-11,197.66615295410156,387.1018371582031,184.8699951171875,156.80975341796875,542.7857666015625
2025-04-14,202.02549743652344,386.4640197753906,182.1199951171875,158.73570251464844,530.713134765625
2025-04-15,201.6464080810547,384.3912658691406,179.58999633789062,155.9814910888672,520.767578125
2025-04-16,193.79563903808594,370.32025146484375,174.3300018310547,153.00775146484375,501.58526611328125
2025-04-17,196.4990234375,366.5035400390625,172.61000061035156,150.84231567382812,500.7564697265625
2025-04-18,196.4990234375,366.5035400390625,172.61000061035156,150.84231567382812,500.7564697265625
2025-04-21,192.6883544921875,357.87359619140625,167.32000732421875,147.35964965820312,483.9607238769531
2025-04-22,199.25228881835938,365.5469055175781,173.17999267578125,151.1516571044922,499.5581970214844
2025-04-23,204.1004180908203,373.0906066894531,180.60000610351562,155.0235137939453,519.5193481445312
2025-04-24,207.8612060546875,385.9557800292969,186.5399932861328,158.9452362060547,532.3807983398438
2025-04-25,208.76898193359375,390.4900207519531,188.99000549316406,161.61962890625,546.4804077148438
2025-04-28,209.62689208984375,389.8023986816406,187.6999969482422,160.2724609375,548.9468383789062
2025-04-29,210.6942901611328,392.67242431640625,187.38999938964844,159.8234100341797,553.6400756835938
2025-04-30,211.9811248779297,393.88818359375,184.4199981689453,158.4662628173828,548.2078857421875
2025-05-01,212.79913330078125,423.9235534667969,190.1999969482422,160.96099853515625,571.3843994140625
2025-05-02,204.8485870361328,433.769287109375,189.97999572753906,163.68527221679688,596.15869140625
2025-05-05,198.40435791015625,434.65618896484375,186.35000610351562,163.86489868164062,598.4053955078125
2025-05-06,198.02528381347656,431.8061218261719,185.00999450683594,162.88693237304688,586.462646484375
2025-05-07,195.7707977294922,431.8459777832031,188.7100067138672,151.06185913085938,595.9489135742188
2025-05-08,197.00778198242188,436.6492614746094,192.0800018310547,153.9557647705078,597.147216796875
2025-05-09,198.0452423095703,437.20733642578125,193.05999755859375,152.42897033691406,591.6351928710938
2025-05-12,210.55104064941406,447.70074462890625,208.63999938964844,158.12696838378906,638.5073852539062
2025-05-13,212.68861389160156,447.5812072753906,211.3699951171875,159.19471740722656,655.08349609375
2025-05-14,212.08929443359375,451.36798095703125,210.25,165.02244567871094,658.4086303710938
2025-05-15,211.21029663085938,452.3863220214844,205.1699981689453,163.61541748046875,642.9509887695312
2025-05-16,211.0205078125,453.5244445800781,205.58999633789062,165.84072875976562,639.4161376953125
2025-05-19,208.54331970214844,458.11688232421875,206.16000366210938,166.1899871826172,639.5059814453125
2025-05-20,206.62550354003906,457.4180603027344,204.07000732421875,163.6353759765625,636.1807861328125
2025-05-21,201.86090087890625,451.8272399902344,201.1199951171875,168.20574951171875,634.5831298828125
2025-05-22,201.13172912597656,454.11346435546875,203.10000610351562,170.51089477539062,635.6515502929688
2025-05-23,195.04864501953125,449.441162109375,200.99000549316406,168.11593627929688,626.1552734375
2025-05-26,195.04864501953125,449.441162109375,200.99000549316406,168.11593627929688,626.1552734375
2025-05-27,199.98304748535156,459.93389892578125,206.02000427246094,172.53662109375,641.3932495117188
2025-05-28,200.1927947998047,456.609375,204.72000122070312,171.9977569580078,642.6514282226562
2025-05-29,199.72332763671875,457.9272155761719,205.6999969482422,171.49880981445312,644.1193237304688
2025-05-30,200.622314453125,459.60443115234375,205.00999450683594,171.3790740966797,646.5557861328125
2025-06-02,201.47134399414062,461.2118225097656,206.64999389648438,168.6747589111328,669.9320678710938
2025-06-03,203.03956604003906,462.2101745605469,205.7100067138672,165.83074951171875,665.8878173828125
2025-06-04,202.590087890625,463.1086730957031,207.22999572753906,167.69680786132812,686.9573974609375
2025-06-05,200.40257263183594,466.91241455078125,207.91000366210938,167.8564910888672,683.6322021484375
2025-06-06,203.68882751464844,469.6080017089844,213.57000732421875,173.31497192382812,696.703369140625
2025-06-09,201.2216339111328,471.97412109375,216.97999572753906,175.93264770507812,693.05859375
2025-06-10,202.44024658203125,470.1471252441406,217.61000061035156,178.44041442871094,701.3865966796875
2025-06-11,198.55465698242188,471.8443298339844,213.1999969482422,177.1915283203125,693.1384887695312
2025-06-12,198.97418212890625,478.0840759277344,213.24000549316406,175.54299926757812,692.359619140625
2025-06-13,196.227294921875,474.18048095703125,212.10000610351562,174.513916015625,681.884765625
2025-06-16,198.195068359375,478.3536376953125,216.10000610351562,176.61204528808594,701.6464233398438
2025-06-17,195.418212890625,477.25543212890625,214.82000732421875,175.7927703857422,696.7597045898438
2025-06-18,196.35714721679688,479.4518127441406,212.52000427246094,173.16513061523438,695.3007202148438
2025-06-19,196.35714721679688,479.4518127441406,212.52000427246094,173.16513061523438,695.3007202148438
2025-06-20,200.7721405029297,476.6164855957031,209.69000244140625,166.4910888671875,681.8897094726562
2025-06-23,201.27157592773438,485.2023620605469,208.47000122070312,165.04238891601562,698.0588989257812
2025-06-24,200.07293701171875,489.30560302734375,212.77000427246094,166.62098693847656,711.7196655273438
2025-06-25,201.33151245117188,491.4620666503906,211.99000549316406,170.52748107910156,708.2020263671875
2025-06-26,200.7721405029297,496.6335754394531,217.1199951171875,173.38491821289062,725.6002807617188
2025-06-27,200.85205078125,495.1260681152344,223.3000030517578,178.37046813964844,733.1351928710938
2025-06-30,204.93740844726562,496.5936584472656,219.38999938964844,176.07252502441406,737.5922241210938
2025-07-01,207.58441162109375,491.242431640625,220.4600067138672,175.682861328125,718.73486328125
2025-07-02,212.1991729736328,490.2840270996094,219.9199981689453,178.48036193847656,713.0886840820312
2025-07-03,213.30792236328125,498.02130126953125,223.41000366210938,179.36956787109375,718.5250244140625
2025-07-04,213.30792236328125,498.02130126953125,223.41000366210938,179.36956787109375,718.5250244140625
2025-07-07,209.7119903564453,496.90313720703125,223.47000122070312,176.63201904296875,717.865478515625
2025-07-08,209.7719268798828,495.804931640625,219.36000061035156,174.20419311523438,720.1838989257812
2025-07-09,210.90065002441406,502.68365478515625,222.5399932861328,176.46217346191406,732.2857666015625
2025-07-10,212.16920471191406,500.656982421875,222.25999450683594,177.46127319335938,726.7494506835938
2025-07-11,210.92062377929688,502.49395751953125,225.02000427246094,180.02899169921875,717.0260620117188
2025-07-14,208.3834991455078,502.1944274902344,225.69000244140625,181.3977508544922,720.4337158203125
2025-07-15,208.87295532226562,504.9898376464844,226.35000610351562,181.83737182617188,709.910888671875
2025-07-16,209.92176818847656,504.7901611328125,223.19000244140625,182.80650329589844,702.4358520507812
2025-07-17,209.78192138671875,510.8601989746094,223.8800048828125,183.41595458984375,700.9368896484375
2025-07-18,210.9405975341797,509.212890625,226.1300048828125,184.89462280273438,703.8049926757812
2025-07-21,212.23912048339844,509.2228698730469,229.3000030517578,189.9301300048828,712.4890747070312
2025-07-22,214.15695190429688,504.44073486328125,227.47000122070312,191.1690216064453,704.3345947265625
2025-07-23,213.9072265625,505.0397644042969,228.2899932861328,190.0600128173828,713.0986938476562
2025-07-24,213.51766967773438,510.0415344238281,232.22999572753906,191.99827575683594,714.31787109375
2025-07-25,213.63754272460938,512.866943359375,231.44000244140625,193.0073699951172,712.1992797851562
2025-07-28,213.80735778808594,511.65887451171875,232.7899932861328,192.4079132080078,717.14599609375
2025-07-29,211.03050231933594,511.728759765625,231.00999450683594,195.5750732421875,699.52783203125
2025-07-30,208.81301879882812,512.3976440429688,230.19000244140625,196.35438537597656,694.7410888671875
2025-07-31,207.33470153808594,532.6243896484375,234.11000061035156,191.728515625,772.9183349609375
2025-08-01,202.1505889892578,523.2498168945312,214.75,188.96099853515625,749.504150390625
2025-08-04,203.11949157714844,534.7609252929688,211.64999389648438,194.86570739746094,775.8463745117188
2025-08-05,202.68995666503906,526.8838500976562,213.75,194.4960479736328,762.945068359375
2025-08-06,213.0082550048828,524.0784912109375,222.30999755859375,195.91476440429688,771.4692993164062
2025-08-07,219.7805633544922,519.9852294921875,223.1300048828125,196.34439086914062,761.316162109375
2025-08-08,229.0900115966797,521.1832275390625,222.69000244140625,201.24000549316406,768.7811279296875
2025-08-11,227.17999267578125,520.9136962890625,221.3000030517578,200.8203887939453,765.3534545898438
2025-08-12,229.64999389648438,528.3713989257812,221.47000122070312,203.15829467773438,789.4671630859375
2025-08-13,233.3300018310547,519.7256469726562,224.55999755859375,201.779541015625,779.5538940429688
2025-08-14,232.77999877929688,521.6224975585938,230.97999572753906,202.75865173339844,781.6024780273438
2025-08-15,231.58999633789062,519.3162841796875,231.02999877929688,203.71778869628906,784.7003784179688
2025-08-18,230.88999938964844,516.2512817382812,231.49000549316406,203.3181610107422,766.8524169921875
2025-08-19,230.55999755859375,508.933349609375,228.00999450683594,201.389892578125,750.97314453125
2025-08-20,226.00999450683594,504.8900146484375,223.80999755859375,199.1418914794922,747.2156372070312
2025-08-21,224.89999389648438,504.239990234375,221.9499969482422,199.57150268554688,738.6014404296875
2025-08-22,227.75999450683594,507.2300109863281,228.83999633789062,205.9058380126953,754.2808837890625
2025-08-25,227.16000366210938,504.260009765625,227.94000244140625,208.30369567871094,752.7918701171875
2025-08-26,229.30999755859375,502.0400085449219,228.7100067138672,206.95489501953125,753.5913696289062
2025-08-27,230.49000549316406,506.739990234375,229.1199951171875,207.29458618164062,746.8759155273438
2025-08-28,232.55999755859375,509.6400146484375,231.60000610351562,211.4508819580078,750.6033935546875
2025-08-29,232.13999938964844,506.69000244140625,229.0,212.71974182128906,738.2017822265625
2025-09-01,232.13999938964844,506.69000244140625,229.0,212.71974182128906,738.2017822265625
2025-09-02,229.72000122070312,505.1199951171875,225.33999633789062,211.16114807128906,734.6141357421875
2025-09-03,238.47000122070312,505.3500061035156,225.99000549316406,230.45388793945312,736.5528564453125
2025-09-04,239.77999877929688,507.9700012207031,235.67999267578125,232.09242248535156,748.1450805664062
2025-09-05,239.69000244140625,495.0,232.3300018310547,234.79000854492188,751.9425048828125
2025-09-08,237.8800048828125,498.20001220703125,235.83999633789062,234.0399932861328,751.7925415039062
2025-09-09,234.35000610351562,498.4100036621094,238.24000549316406,239.6300048828125,765.1835327148438
2025-09-10,226.7899932861328,500.3699951171875,230.3300018310547,239.1699981689453,751.4727783203125
2025-09-11,230.02999877929688,501.010009765625,229.9499969482422,240.3699951171875,750.3935546875
2025-09-12,234.07000732421875,509.8999938964844,228.14999389648438,240.8000030517578,755.0803833007812
2025-09-15,236.6999969482422,515.3599853515625,231.42999267578125,251.61000061035156,764.1842041015625
2025-09-16,238.14999389648438,509.0400085449219,234.0500030517578,251.16000366210938,778.4745483398438
2025-09-17,238.99000549316406,510.0199890136719,231.6199951171875,249.52999877929688,775.19677734375
2025-09-18,237.8800048828125,508.45001220703125,231.22999572753906,252.02999877929688,779.7237548828125
2025-09-19,245.5,517.9299926757812,231.47999572753906,254.72000122070312,777.85498046875
2025-09-22,256.0799865722656,514.4500122070312,227.6300048828125,252.52999877929688,765.1599731445312
2025-09-23,254.42999267578125,509.2300109863281,220.7100067138672,251.66000366210938,755.4000244140625
2025-09-24,252.30999755859375,510.1499938964844,220.2100067138672,247.13999938964844,760.6599731445312
2025-09-25,256.8699951171875,507.0299987792969,218.14999389648438,245.7899932861328,748.9099731445312
2025-09-26,255.4600067138672,511.4599914550781,219.77999877929688,246.5399932861328,743.75
2025-09-29,254.42999267578125,514.5999755859375,222.1699981689453,244.0500030517578,743.4000244140625
2025-09-30,254.6300048828125,517.9500122070312,219.57000732421875,243.10000610351562,734.3800048828125
2025-10-01,255.4499969482422,519.7100219726562,220.6300048828125,244.89999389648438,717.3400268554688
2025-10-02,257.1300048828125,515.739990234375,222.41000366210938,245.69000244140625,727.0499877929688
2025-10-03,258.0199890136719,517.3499755859375,219.50999450683594,245.35000610351562,710.5599975585938
2025-10-06,256.69000244140625,528.5700073242188,220.89999389648438,250.42999267578125,715.6599731445312
2025-10-07,256.4800109863281,523.97998046875,221.77999877929688,245.75999450683594,713.0800170898438
2025-10-08,258.05999755859375,524.8499755859375,225.22000122070312,244.6199951171875,717.8400268554688
2025-10-09,254.0399932861328,522.4000244140625,227.74000549316406,241.52999877929688,733.510009765625
2025-10-10,245.27000427246094,510.9599914550781,216.3699951171875,236.57000732421875,705.2999877929688
2025-10-13,247.66000366210938,514.0499877929688,220.07000732421875,244.14999389648438,715.7000122070312
2025-10-14,247.77000427246094,513.5700073242188,216.38999938964844,245.4499969482422,708.6500244140625
2025-10-15,249.33999633789062,513.4299926757812,215.57000732421875,251.02999877929688,717.5499877929688
2025-10-16,247.4499969482422,511.6099853515625,214.47000122070312,251.4600067138672,712.0700073242188
2025-10-17,252.2899932861328,513.5800170898438,213.0399932861328,253.3000030517578,716.9199829101562
