Date,NVDA
2020-02-03,5.9818644523620605
2020-02-04,6.15111780166626
2020-02-05,6.2414679527282715
2020-02-06,6.328334808349609
2020-02-07,6.26212739944458
2020-02-10,6.545377731323242
2020-02-11,6.667838096618652
2020-02-12,6.783576011657715
2020-02-13,6.739770889282227
2020-02-14,7.212934494018555
2020-02-17,7.212934494018555
2020-02-18,7.381688117980957
2020-02-19,7.832947731018066
2020-02-20,7.6836090087890625
2020-02-21,7.319464206695557
2020-02-24,6.801997184753418
2020-02-25,6.52247953414917
2020-02-26,6.661863803863525
2020-02-27,6.291027069091797
2020-02-28,6.726119041442871
2020-03-02,6.88451623916626
2020-03-03,6.6220173835754395
2020-03-04,7.085749626159668
2020-03-05,6.806314468383789
2020-03-06,6.62575101852417
2020-03-09,6.11270809173584
2020-03-10,6.502222537994385
2020-03-11,6.138359069824219
2020-03-12,5.387221336364746
2020-03-13,5.998143196105957
2020-03-16,4.891361713409424
2020-03-17,5.411128997802734
2020-03-18,5.051251411437988
2020-03-19,5.3040385246276855
2020-03-20,5.124224662780762
2020-03-23,5.297065258026123
2020-03-24,6.205852508544922
2020-03-25,6.117190361022949
2020-03-26,6.40658712387085
2020-03-27,6.2942657470703125
2020-03-30,6.614543914794922
2020-03-31,6.564982891082764
2020-04-01,6.053682327270508
2020-04-02,6.362504959106445
2020-04-03,6.074602127075195
2020-04-06,6.6845293045043945
2020-04-07,6.45116662979126
2020-04-08,6.648415565490723
2020-04-09,6.548795700073242
2020-04-10,6.548795700073242
2020-04-13,6.720639228820801
2020-04-14,7.071801662445068
2020-04-15,6.99434757232666
2020-04-16,7.339531898498535
2020-04-17,7.2802581787109375
2020-04-20,7.149007797241211
2020-04-21,6.712172508239746
2020-04-22,7.126593112945557
2020-04-23,7.073297023773193
2020-04-24,7.2122673988342285
2020-04-27,7.398805618286133
2020-04-28,7.256349563598633
2020-04-29,7.433176040649414
2020-04-30,7.279262065887451
2020-05-01,7.042663097381592
2020-05-04,7.254605293273926
2020-05-05,7.315622329711914
2020-05-06,7.416488170623779
2020-05-07,7.592816352844238
2020-05-08,7.782841205596924
2020-05-11,8.034883499145508
2020-05-12,7.772879600524902
2020-05-13,7.750466823577881
2020-05-14,8.000015258789062
2020-05-15,8.458517074584961
2020-05-18,8.717033386230469
2020-05-19,8.772071838378906
2020-05-20,8.935951232910156
2020-05-21,8.741938591003418
2020-05-22,8.991985321044922
2020-05-25,8.991985321044922
2020-05-26,8.684656143188477
2020-05-27,8.492887496948242
2020-05-28,8.454782485961914
2020-05-29,8.841806411743164
2020-06-01,8.772819519042969
2020-06-02,8.791748046875
2020-06-03,8.736209869384766
2020-06-04,8.737207412719727
2020-06-05,8.890192985534668
2020-06-08,8.775578498840332
2020-06-09,9.015771865844727
2020-06-10,9.335450172424316
2020-06-11,8.766858100891113
2020-06-12,8.902654647827148
2020-06-15,9.143095970153809
2020-06-16,9.03819751739502
2020-06-17,9.205137252807617
2020-06-18,9.187199592590332
2020-06-19,9.230301856994629
2020-06-22,9.494915008544922
2020-06-23,9.41841983795166
2020-06-24,9.20464038848877
2020-06-25,9.45828914642334
2020-06-26,9.124410629272461
2020-06-29,9.169256210327148
2020-06-30,9.46601390838623
2020-07-01,9.49815559387207
2020-07-02,9.580130577087402
2020-07-03,9.580130577087402
2020-07-06,9.806371688842773
2020-07-07,9.838763236999512
2020-07-08,10.181864738464355
2020-07-09,10.473884582519531
2020-07-10,10.444231033325195
2020-07-13,10.018662452697754
2020-07-14,10.342325210571289
2020-07-15,10.193077087402344
2020-07-16,10.100886344909668
2020-07-17,10.167410850524902
2020-07-20,10.475628852844238
2020-07-21,10.293987274169922
2020-07-22,10.403868675231934
2020-07-23,10.095903396606445
2020-07-24,10.160435676574707
2020-07-27,10.386674880981445
2020-07-28,10.181367874145508
2020-07-29,10.430529594421387
2020-07-30,10.578534126281738
2020-07-31,10.579278945922852
2020-08-03,10.973459243774414
2020-08-04,11.190232276916504
2020-08-05,11.249035835266113
2020-08-06,11.297623634338379
2020-08-07,11.162075996398926
2020-08-10,11.127693176269531
2020-08-11,10.81374740600586
2020-08-12,11.40202522277832
2020-08-13,11.404762268066406
2020-08-14,11.525357246398926
2020-08-17,12.295774459838867
2020-08-18,12.219779014587402
2020-08-19,12.097939491271973
2020-08-20,12.100431442260742
2020-08-21,12.64111614227295
2020-08-24,12.677748680114746
2020-08-25,12.707395553588867
2020-08-26,12.730317115783691
2020-08-27,12.586051940917969
2020-08-28,13.103819847106934
2020-08-31,13.329809188842773
2020-09-01,13.778940200805664
2020-09-02,14.302838325500488
2020-09-03,12.975889205932617
2020-09-04,12.584087371826172
2020-09-07,12.584087371826172
2020-09-08,11.876744270324707
2020-09-09,12.676302909851074
2020-09-10,12.274282455444336
2020-09-11,12.12747859954834
2020-09-14,12.833075523376465
2020-09-15,12.95146369934082
2020-09-16,12.476412773132324
2020-09-17,12.425568580627441
2020-09-18,12.152155876159668
2020-09-21,12.479157447814941
2020-09-22,12.599289894104004
2020-09-23,12.086853981018066
2020-09-24,12.310420989990234
2020-09-25,12.83456802368164
2020-09-28,12.995329856872559
2020-09-29,13.18549919128418
2020-09-30,13.489323616027832
2020-10-01,13.573066711425781
2020-10-02,13.02249813079834
2020-10-05,13.600981712341309
2020-10-06,13.694696426391602
2020-10-07,13.921501159667969
2020-10-08,13.796635627746582
2020-10-09,13.720865249633789
2020-10-12,14.182705879211426
2020-10-13,14.204887390136719
2020-10-14,14.052353858947754
2020-10-15,13.927485466003418
2020-10-16,13.769466400146484
2020-10-19,13.456671714782715
2020-10-20,13.603975296020508
2020-10-21,13.483589172363281
2020-10-22,13.32033634185791
2020-10-23,13.548892974853516
2020-10-26,13.10125732421875
2020-10-27,13.355978965759277
2020-10-28,12.588573455810547
2020-10-29,12.98436450958252
2020-10-30,12.495855331420898
2020-11-02,12.542464256286621
2020-11-03,12.979875564575195
2020-11-04,13.752269744873047
2020-11-05,14.11690616607666
2020-11-06,14.517685890197754
2020-11-09,13.589263916015625
2020-11-10,12.731134414672852
2020-11-11,13.377165794372559
2020-11-12,13.41579532623291
2020-11-13,13.256532669067383
2020-11-16,13.47411823272705
2020-11-17,13.381403923034668
2020-11-18,13.387883186340332
2020-11-19,13.399348258972168
2020-11-20,13.047920227050781
2020-11-23,13.100008964538574
2020-11-24,12.918314933776855
2020-11-25,13.194473266601562
2020-11-26,13.194473266601562
2020-11-27,13.220890045166016
2020-11-30,13.360713958740234
2020-12-01,13.349249839782715
2020-12-02,13.503279685974121
2020-12-03,13.359176635742188
2020-12-04,13.52098274230957
2020-12-07,13.569347381591797
2020-12-08,13.313305854797363
2020-12-09,12.895206451416016
2020-12-10,12.936591148376465
2020-12-11,12.977478981018066
2020-12-14,13.27216911315918
2020-12-15,13.323773384094238
2020-12-16,13.206100463867188
2020-12-17,13.30457878112793
2020-12-18,13.235520362854004
2020-12-21,13.295601844787598
2020-12-22,13.241751670837402
2020-12-23,12.973487854003906
2020-12-24,12.958033561706543
2020-12-25,12.958033561706543
2020-12-28,12.864540100097656
2020-12-29,12.907671928405762
2020-12-30,13.10961627960205
2020-12-31,13.019113540649414
2021-01-01,13.019113540649414
2021-01-04,13.077452659606934
2021-01-05,13.367904663085938
2021-01-06,12.579826354980469
2021-01-07,13.307318687438965
2021-01-08,13.240254402160645
2021-01-11,13.584057807922363
2021-01-12,13.447684288024902
2021-01-13,13.494553565979004
2021-01-14,13.163965225219727
2021-01-15,12.824151039123535
2021-01-18,12.824151039123535
2021-01-19,12.989446640014648
2021-01-20,13.329010963439941
2021-01-21,13.82938289642334
2021-01-22,13.67480754852295
2021-01-25,13.61571979522705
2021-01-26,13.398319244384766
2021-01-27,12.882242202758789
2021-01-28,13.015125274658203
2021-01-29,12.954044342041016
2021-02-01,13.200615882873535
2021-02-02,13.519484519958496
2021-02-03,13.493308067321777
2021-02-04,13.626689910888672
2021-02-05,13.553642272949219
2021-02-08,14.399060249328613
2021-02-09,14.22404670715332
2021-02-10,14.723668098449707
2021-02-11,15.20882797241211
2021-02-12,14.920125007629395
2021-02-15,14.920125007629395
2021-02-16,15.288108825683594
2021-02-17,14.865025520324707
2021-02-18,14.788237571716309
2021-02-19,14.885469436645508
2021-02-22,14.316288948059082
2021-02-23,14.103126525878906
2021-02-24,14.459142684936523
2021-02-25,13.270920753479004
2021-02-26,13.676802635192871
2021-03-01,13.803703308105469
2021-03-02,13.36939811706543
2021-03-03,12.769552230834961
2021-03-04,12.336246490478516
2021-03-05,12.42724609375
2021-03-08,11.561385154724121
2021-03-09,12.490142822265625
2021-03-10,12.438270568847656
2021-03-11,12.96225643157959
2021-03-12,12.825088500976562
2021-03-15,13.159531593322754
2021-03-16,13.259288787841797
2021-03-17,13.309170722961426
2021-03-18,12.691908836364746
2021-03-19,12.814862251281738
2021-03-22,13.154541969299316
2021-03-23,13.039320945739746
2021-03-24,12.612597465515137
2021-03-25,12.505107879638672
2021-03-26,12.808378219604492
2021-03-29,12.917115211486816
2021-03-30,12.840800285339355
2021-03-31,13.316152572631836
2021-04-01,13.778538703918457
2021-04-02,13.778538703918457
2021-04-05,13.95386791229248
2021-04-06,13.828169822692871
2021-04-07,14.109489440917969
2021-04-08,14.282574653625488
2021-04-09,14.365375518798828
2021-04-12,15.172428131103516
2021-04-13,15.64179801940918
2021-04-14,15.240265846252441
2021-04-15,16.098451614379883
2021-04-16,15.874237060546875
2021-04-19,15.324811935424805
2021-04-20,15.134769439697266
2021-04-21,15.323566436767578
2021-04-22,14.814543724060059
2021-04-23,15.228543281555176
2021-04-26,15.440781593322754
2021-04-27,15.344764709472656
2021-04-28,15.240015029907227
2021-04-29,15.287899017333984
2021-04-30,14.973407745361328
2021-05-03,14.801074028015137
2021-05-04,14.316740036010742
2021-05-05,14.423734664916992
2021-05-06,14.488077163696289
2021-05-07,14.776633262634277
2021-05-10,14.23144817352295
2021-05-11,14.27184772491455
2021-05-12,13.725415229797363
2021-05-13,13.632390022277832
2021-05-14,14.208751678466797
2021-05-17,14.131439208984375
2021-05-18,13.982048034667969
2021-05-19,14.031927108764648
2021-05-20,14.577363014221191
2021-05-21,14.95570182800293
2021-05-24,15.57446002960205
2021-05-25,15.610124588012695
2021-05-26,15.662245750427246
2021-05-27,15.450756072998047
2021-05-28,16.205434799194336
2021-05-31,16.205434799194336
2021-06-01,16.225387573242188
2021-06-02,16.737903594970703
2021-06-03,16.928943634033203
2021-06-04,17.535980224609375
2021-06-07,17.576631546020508
2021-06-08,17.41502571105957
2021-06-09,17.32048225402832
2021-06-10,17.387083053588867
2021-06-11,17.78646469116211
2021-06-14,17.97953987121582
2021-06-15,17.749792098999023
2021-06-16,17.771495819091797
2021-06-17,18.616653442382812
2021-06-18,18.598194122314453
2021-06-21,18.38715171813965
2021-06-22,18.845653533935547
2021-06-23,19.01578140258789
2021-06-24,19.16370964050293
2021-06-25,18.98958969116211
2021-06-28,19.941511154174805
2021-06-29,19.983169555664062
2021-06-30,19.958974838256836
2021-07-01,20.16802406311035
2021-07-02,20.442420959472656
2021-07-05,20.442420959472656
2021-07-06,20.653461456298828
2021-07-07,20.327423095703125
2021-07-08,19.85944175720215
2021-07-09,20.006622314453125
2021-07-12,20.467866897583008
2021-07-13,20.205934524536133
2021-07-14,19.798328399658203
2021-07-15,18.92498207092285
2021-07-16,18.121482849121094
2021-07-19,18.738887786865234
2021-07-20,18.571504592895508
2021-07-21,19.367761611938477
2021-07-22,19.551366806030273
2021-07-23,19.515443801879883
2021-07-26,19.25201416015625
2021-07-27,19.16620445251465
2021-07-28,19.460561752319336
2021-07-29,19.619218826293945
2021-07-30,19.456573486328125
2021-08-02,19.707029342651367
2021-08-03,19.77188491821289
2021-08-04,20.229881286621094
2021-08-05,20.592098236083984
2021-08-06,20.321685791015625
2021-08-09,20.250837326049805
2021-08-10,19.892621994018555
2021-08-11,19.6561336517334
2021-08-12,19.861690521240234
2021-08-13,20.14406967163086
2021-08-16,19.906591415405273
2021-08-17,19.415658950805664
2021-08-18,18.998571395874023
2021-08-19,19.754920959472656
2021-08-20,20.770706176757812
2021-08-23,21.910221099853516
2021-08-24,21.745582580566406
2021-08-25,22.164661407470703
2021-08-26,22.019981384277344
2021-08-27,22.586748123168945
2021-08-30,22.638628005981445
2021-08-31,22.340229034423828
2021-09-01,22.396121978759766
2021-09-02,22.351211547851562
2021-09-03,22.79730987548828
2021-09-06,22.79730987548828
2021-09-07,22.616676330566406
2021-09-08,22.294321060180664
2021-09-09,22.13264274597168
2021-09-10,22.433042526245117
2021-09-13,22.107698440551758
2021-09-14,22.19751739501953
2021-09-15,22.29631805419922
2021-09-16,22.19751739501953
2021-09-17,21.856197357177734
2021-09-20,21.070775985717773
2021-09-21,21.203506469726562
2021-09-22,21.897117614746094
2021-09-23,22.437036514282227
2021-09-24,22.03683853149414
2021-09-27,21.616680145263672
2021-09-28,20.657604217529297
2021-09-29,20.475963592529297
2021-09-30,20.67456817626953
2021-10-01,20.700517654418945
2021-10-04,19.69253158569336
2021-10-05,20.410099029541016
2021-10-06,20.658605575561523
2021-10-07,21.032852172851562
2021-10-08,20.789337158203125
2021-10-11,20.65361213684082
2021-10-12,20.629657745361328
2021-10-13,20.89712142944336
2021-10-14,21.702510833740234
2021-10-15,21.818279266357422
2021-10-18,22.177555084228516
2021-10-19,22.245420455932617
2021-10-20,22.058792114257812
2021-10-21,22.646617889404297
2021-10-22,22.680545806884766
2021-10-25,23.119667053222656
2021-10-26,24.667570114135742
2021-10-27,24.402095794677734
2021-10-28,24.8911190032959
2021-10-29,25.515867233276367
2021-11-01,25.775348663330078
2021-11-02,26.34819984436035
2021-11-03,26.544803619384766
2021-11-04,29.741397857666016
2021-11-05,29.6924991607666
2021-11-08,30.742393493652344
2021-11-09,30.595685958862305
2021-11-10,29.40007972717285
2021-11-11,30.329219818115234
2021-11-12,30.329219818115234
2021-11-15,29.964946746826172
2021-11-16,30.142593383789062
2021-11-17,29.20248031616211
2021-11-18,31.611648559570312
2021-11-19,32.919029235839844
2021-11-22,31.892087936401367
2021-11-23,31.682506561279297
2021-11-24,32.60865020751953
2021-11-25,32.60865020751953
2021-11-26,31.439992904663086
2021-11-29,33.30924987792969
2021-11-30,32.61064910888672
2021-12-01,31.3759708404541
2021-12-02,32.065677642822266
2021-12-03,30.63536834716797
2021-12-06,29.980600357055664
2021-12-07,32.36610794067383
2021-12-08,31.766237258911133
2021-12-09,30.43274688720703
2021-12-10,30.141298294067383
2021-12-13,28.108116149902344
2021-12-14,28.283788681030273
2021-12-15,30.40180206298828
2021-12-16,28.333694458007812
2021-12-17,27.748798370361328
2021-12-20,27.666948318481445
2021-12-21,29.020404815673828
2021-12-22,29.344797134399414
2021-12-23,29.584341049194336
2021-12-24,29.584341049194336
2021-12-27,30.88688850402832
2021-12-28,30.265060424804688
2021-12-29,29.944660186767578
2021-12-30,29.530445098876953
2021-12-31,29.355772018432617
2022-01-03,30.06443977355957
2022-01-04,29.235000610351562
2022-01-05,27.552165985107422
2022-01-06,28.125085830688477
2022-01-07,27.19583511352539
2022-01-10,27.348548889160156
2022-01-11,27.7647647857666
2022-01-12,27.946422576904297
2022-01-13,26.525100708007812
2022-01-14,26.89140510559082
2022-01-17,26.89140510559082
2022-01-18,25.854360580444336
2022-01-19,25.019927978515625
2022-01-20,24.10464859008789
2022-01-21,23.330108642578125
2022-01-24,23.328115463256836
2022-01-25,22.28208351135254
2022-01-26,22.729236602783203
2022-01-27,21.902793884277344
2022-01-28,22.797107696533203
2022-01-31,24.440019607543945
2022-02-01,24.591737747192383
2022-02-02,25.194604873657227
2022-02-03,23.903030395507812
2022-02-04,24.27333641052246
2022-02-07,24.681568145751953
2022-02-08,25.06085205078125
2022-02-09,26.65485191345215
2022-02-10,25.7755069732666
2022-02-11,23.904029846191406
2022-02-14,24.221435546875
2022-02-15,26.44524383544922
2022-02-16,26.461217880249023
2022-02-17,24.460979461669922
2022-02-18,23.597606658935547
2022-02-21,23.597606658935547
2022-02-22,23.346078872680664
2022-02-23,22.344959259033203
2022-02-24,23.703407287597656
2022-02-25,24.11163902282715
2022-02-28,24.339210510253906
2022-03-01,23.43291664123535
2022-03-02,24.178640365600586
2022-03-03,23.673505783081055
2022-03-04,22.896833419799805
2022-03-07,21.315534591674805
2022-03-08,21.47726058959961
2022-03-09,22.97469711303711
2022-03-10,22.619306564331055
2022-03-11,22.06226348876953
2022-03-14,21.293575286865234
2022-03-15,22.933767318725586
2022-03-16,24.454164505004883
2022-03-17,24.72370719909668
2022-03-18,26.40782356262207
2022-03-21,26.688343048095703
2022-03-22,26.47870635986328
2022-03-23,25.590225219726562
2022-03-24,28.101926803588867
2022-03-25,27.644712448120117
2022-03-28,28.170808792114258
2022-03-29,28.6070613861084
2022-03-30,27.64271354675293
2022-03-31,27.239404678344727
2022-04-01,26.666383743286133
2022-04-04,27.313276290893555
2022-04-05,25.886716842651367
2022-04-06,24.365320205688477
2022-04-07,24.166658401489258
2022-04-08,23.079519271850586
2022-04-11,21.87957000732422
2022-04-12,21.4672794342041
2022-04-13,22.165084838867188
2022-04-14,21.221694946289062
2022-04-15,21.221694946289062
2022-04-18,21.74580192565918
2022-04-19,22.160091400146484
2022-04-20,21.445314407348633
2022-04-21,20.14853286743164
2022-04-22,19.481678009033203
2022-04-25,19.86801528930664
2022-04-26,18.75591278076172
2022-04-27,18.383554458618164
2022-04-28,19.748214721679688
2022-04-29,18.51532554626465
2022-05-02,19.499643325805664
2022-05-03,19.568523406982422
2022-05-04,20.299272537231445
2022-05-05,18.811819076538086
2022-05-06,18.64310646057129
2022-05-09,16.921056747436523
2022-05-10,17.56494903564453
2022-05-11,16.601600646972656
2022-05-12,16.147380828857422
2022-05-13,17.675764083862305
2022-05-16,17.23451805114746
2022-05-17,18.145954132080078
2022-05-18,16.90907096862793
2022-05-19,17.094758987426758
2022-05-20,16.665489196777344
2022-05-23,16.869140625
2022-05-24,16.126413345336914
2022-05-25,16.946014404296875
2022-05-26,17.820512771606445
2022-05-27,18.77887535095215
2022-05-30,18.77887535095215
2022-05-31,18.640111923217773
2022-06-01,18.288713455200195
2022-06-02,19.55854034423828
2022-06-03,18.688034057617188
2022-06-06,18.75391960144043
2022-06-07,18.893680572509766
2022-06-08,18.62009048461914
2022-06-09,18.020992279052734
2022-06-10,16.94860076904297
2022-06-13,15.623579978942871
2022-06-14,15.812296867370605
2022-06-15,16.50226593017578
2022-06-16,15.57764720916748
2022-06-17,15.856232643127441
2022-06-20,15.856232643127441
2022-06-21,16.541208267211914
2022-06-22,16.335514068603516
2022-06-23,16.20071792602539
2022-06-24,17.100364685058594
2022-06-27,16.8437557220459
2022-06-28,15.95808219909668
2022-06-29,15.518738746643066
2022-06-30,15.136311531066895
2022-07-01,14.501261711120605
2022-07-04,14.501261711120605
2022-07-05,14.941603660583496
2022-07-06,15.107356071472168
2022-07-07,15.83426570892334
2022-07-08,15.814294815063477
2022-07-11,15.129323959350586
2022-07-12,15.059427261352539
2022-07-13,15.141302108764648
2022-07-14,15.348993301391602
2022-07-15,15.738409042358398
2022-07-18,16.076904296875
2022-07-19,16.96656608581543
2022-07-20,17.780345916748047
2022-07-21,18.022987365722656
2022-07-22,17.293073654174805
2022-07-25,16.998517990112305
2022-07-26,16.508258819580078
2022-07-27,17.76337242126465
2022-07-28,17.957080841064453
2022-07-29,18.13581657409668
2022-08-01,18.413402557373047
2022-08-02,18.498271942138672
2022-08-03,18.86471939086914
2022-08-04,19.186241149902344
2022-08-05,18.96057891845703
2022-08-08,17.76637077331543
2022-08-09,17.0604305267334
2022-08-10,18.06991195678711
2022-08-11,17.915145874023438
2022-08-12,18.68099594116211
2022-08-15,19.00351333618164
2022-08-16,18.850744247436523
2022-08-17,18.307554244995117
2022-08-18,18.744905471801758
2022-08-19,17.822282791137695
2022-08-22,17.008506774902344
2022-08-23,17.155282974243164
2022-08-24,17.196224212646484
2022-08-25,17.886192321777344
2022-08-26,16.23566436767578
2022-08-29,15.777350425720215
2022-08-30,15.444849014282227
2022-08-31,15.07140827178955
2022-09-01,13.916141510009766
2022-09-02,13.626574516296387
2022-09-05,13.626574516296387
2022-09-06,13.444847106933594
2022-09-07,13.697543144226074
2022-09-08,13.973210334777832
2022-09-09,14.36973762512207
2022-09-12,14.487593650817871
2022-09-13,13.115242958068848
2022-09-14,13.1122465133667
2022-09-15,12.913484573364258
2022-09-16,13.182161331176758
2022-09-19,13.365941047668457
2022-09-20,13.160187721252441
2022-09-21,13.245086669921875
2022-09-22,12.545926094055176
2022-09-23,12.500981330871582
2022-09-26,12.213326454162598
2022-09-27,12.39810562133789
2022-09-28,12.720717430114746
2022-09-29,12.205337524414062
2022-09-30,12.124434471130371
2022-10-03,12.49698543548584
2022-10-04,13.151199340820312
2022-10-05,13.193148612976074
2022-10-06,13.114243507385254
2022-10-07,12.061508178710938
2022-10-10,11.65599536895752
2022-10-11,11.572096824645996
2022-10-12,11.486200332641602
2022-10-13,11.945649147033691
2022-10-14,11.21352767944336
2022-10-17,11.873734474182129
2022-10-18,11.952640533447266
2022-10-19,12.036537170410156
2022-10-20,12.179368019104004
2022-10-21,12.451038360595703
2022-10-24,12.583883285522461
2022-10-25,13.245086669921875
2022-10-26,12.880523681640625
2022-10-27,13.160187721252441
2022-10-28,13.817399024963379
2022-10-31,13.480804443359375
2022-11-01,13.526749610900879
2022-11-02,13.203137397766113
2022-11-03,13.40489387512207
2022-11-04,14.139013290405273
2022-11-07,14.283838272094727
2022-11-08,14.584476470947266
2022-11-09,13.759469032287598
2022-11-10,15.731099128723145
2022-11-11,16.307409286499023
2022-11-14,16.275447845458984
2022-11-15,16.6460018157959
2022-11-16,15.890909194946289
2022-11-17,15.658186912536621
2022-11-18,15.390509605407715
2022-11-21,15.298619270324707
2022-11-22,16.018753051757812
2022-11-23,16.499176025390625
2022-11-24,16.499176025390625
2022-11-25,16.25047492980957
2022-11-28,15.808008193969727
2022-11-29,15.620233535766602
2022-11-30,16.90701675415039
2022-12-01,17.118818283081055
2022-12-02,16.860061645507812
2022-12-05,16.594314575195312
2022-12-06,15.971901893615723
2022-12-07,16.104778289794922
2022-12-08,17.152786254882812
2022-12-09,16.98494529724121
2022-12-12,17.5184383392334
2022-12-13,18.054933547973633
2022-12-14,17.657310485839844
2022-12-15,16.935989379882812
2022-12-16,16.55534553527832
2022-12-19,16.238651275634766
2022-12-20,16.069808959960938
2022-12-21,16.48541259765625
2022-12-22,15.324512481689453
2022-12-23,15.191638946533203
2022-12-26,15.191638946533203
2022-12-27,14.107664108276367
2022-12-28,14.022744178771973
2022-12-29,14.589208602905273
2022-12-30,14.600197792053223
2023-01-02,14.600197792053223
2023-01-03,14.301480293273926
2023-01-04,14.73507022857666
2023-01-05,14.251526832580566
2023-01-06,14.844966888427734
2023-01-09,15.613240242004395
2023-01-10,15.893976211547852
2023-01-11,15.98588752746582
2023-01-12,16.495405197143555
2023-01-13,16.88304328918457
2023-01-16,16.88304328918457
2023-01-17,17.68528175354004
2023-01-18,17.3605899810791
2023-01-19,16.749168395996094
2023-01-20,17.82215118408203
2023-01-23,19.174875259399414
2023-01-24,19.24680519104004
2023-01-25,19.304750442504883
2023-01-26,19.783296585083008
2023-01-27,20.345766067504883
2023-01-30,19.143903732299805
2023-01-31,19.518552780151367
2023-02-01,20.923219680786133
2023-02-02,21.688493728637695
2023-02-03,21.08007049560547
2023-02-06,21.0690860748291
2023-02-07,22.15205955505371
2023-02-08,22.18402862548828
2023-02-09,22.31590461730957
2023-02-10,21.24491310119629
2023-02-13,21.767419815063477
2023-02-14,22.949302673339844
2023-02-15,22.74250030517578
2023-02-16,21.981224060058594
2023-02-17,21.3677978515625
2023-02-20,21.3677978515625
2023-02-21,20.635494232177734
2023-02-22,20.734399795532227
2023-02-23,23.641651153564453
2023-02-24,23.264005661010742
2023-02-27,23.478805541992188
2023-02-28,23.194068908691406
2023-03-01,22.676563262939453
2023-03-02,23.291980743408203
2023-03-03,23.8674373626709
2023-03-06,23.531757354736328
2023-03-07,23.26995849609375
2023-03-08,24.162263870239258
2023-03-09,23.417842864990234
2023-03-10,22.947206497192383
2023-03-13,22.948204040527344
2023-03-14,24.044355392456055
2023-03-15,24.209226608276367
2023-03-16,25.52121353149414
2023-03-17,25.705068588256836
2023-03-20,25.879932403564453
2023-03-21,26.178701400756836
2023-03-22,26.447494506835938
2023-03-23,27.169931411743164
2023-03-24,26.75825309753418
2023-03-27,26.510446548461914
2023-03-28,26.389537811279297
2023-03-29,26.963090896606445
2023-03-30,27.361785888671875
2023-03-31,27.75547981262207
2023-04-03,27.943330764770508
2023-04-04,27.431730270385742
2023-04-05,26.860170364379883
2023-04-06,27.016054153442383
2023-04-07,27.016054153442383
2023-04-10,27.557634353637695
2023-04-11,27.14794921875
2023-04-12,26.47447395324707
2023-04-13,26.44249725341797
2023-04-14,26.737268447875977
2023-04-17,26.981082916259766
2023-04-18,27.645565032958984
2023-04-19,27.909360885620117
2023-04-20,27.0830020904541
2023-04-21,27.097986221313477
2023-04-24,27.02105140686035
2023-04-25,26.220670700073242
2023-04-26,26.935115814208984
2023-04-27,27.204906463623047
2023-04-28,27.727500915527344
2023-05-01,28.88759994506836
2023-05-02,28.188140869140625
2023-05-03,27.780458450317383
2023-05-04,27.5406436920166
2023-05-05,28.65778160095215
2023-05-08,29.1284122467041
2023-05-09,28.548860549926758
2023-05-10,28.862619400024414
2023-05-11,28.555856704711914
2023-05-12,28.318044662475586
2023-05-15,28.93056869506836
2023-05-16,29.190366744995117
2023-05-17,30.154617309570312
2023-05-18,31.65345573425293
2023-05-19,31.239778518676758
2023-05-22,31.151844024658203
2023-05-23,30.664222717285156
2023-05-24,30.514339447021484
2023-05-25,37.9505729675293
2023-05-26,38.91582107543945
2023-05-29,38.91582107543945
2023-05-30,40.079917907714844
2023-05-31,37.8046875
2023-06-01,39.73919677734375
2023-06-02,39.29653549194336
2023-06-05,39.14065170288086
2023-06-06,38.62405776977539
2023-06-07,37.449832916259766
2023-06-08,38.48414993286133
2023-06-09,38.74397277832031
2023-06-12,39.45549392700195
2023-06-13,40.99446105957031
2023-06-14,42.968135833740234
2023-06-15,42.62437057495117
2023-06-16,42.66333770751953
2023-06-19,42.66333770751953
2023-06-20,43.778587341308594
2023-06-21,43.0161018371582
2023-06-22,42.99611282348633
2023-06-23,42.180660247802734
2023-06-26,40.60472106933594
2023-06-27,41.84788131713867
2023-06-28,41.08939743041992
2023-06-29,40.79458999633789
2023-06-30,42.27359390258789
2023-07-03,42.384525299072266
2023-07-04,42.384525299072266
2023-07-05,42.28859329223633
2023-07-06,42.074729919433594
2023-07-07,42.47446823120117
2023-07-10,42.15168380737305
2023-07-11,42.37652587890625
2023-07-12,43.87252426147461
2023-07-13,45.946136474609375
2023-07-14,45.4384765625
2023-07-17,46.429805755615234
2023-07-18,47.46211242675781
2023-07-19,47.045387268066406
2023-07-20,45.48944091796875
2023-07-21,44.27925109863281
2023-07-24,44.58205032348633
2023-07-25,45.6483268737793
2023-07-26,45.42148208618164
2023-07-27,45.86918640136719
2023-07-28,46.71860885620117
2023-07-31,46.6976318359375
2023-08-01,46.47577667236328
2023-08-02,44.239288330078125
2023-08-03,44.485111236572266
2023-08-04,44.650001525878906
2023-08-07,45.38650894165039
2023-08-08,44.63401794433594
2023-08-09,42.52543258666992
2023-08-10,42.35954284667969
2023-08-11,40.82756423950195
2023-08-14,43.72362518310547
2023-08-15,43.91050338745117
2023-08-16,43.45680618286133
2023-08-17,43.31489562988281
2023-08-18,43.269927978515625
2023-08-21,46.93546676635742
2023-08-22,45.63733673095703
2023-08-23,47.08436965942383
2023-08-24,47.1313362121582
2023-08-25,45.98710632324219
2023-08-28,46.80355453491211
2023-08-29,48.751243591308594
2023-08-30,49.23093032836914
2023-08-31,49.321868896484375
2023-09-01,48.47643280029297
2023-09-04,48.47643280029297
2023-09-05,48.51540756225586
2023-09-06,47.03327560424805
2023-09-07,46.21376419067383
2023-09-08,45.54515838623047
2023-09-11,45.15138626098633
2023-09-12,44.843570709228516
2023-09-13,45.45820999145508
2023-09-14,45.55415344238281
2023-09-15,43.87413787841797
2023-09-18,43.940093994140625
2023-09-19,43.494361877441406
2023-09-20,42.2141227722168
2023-09-21,40.99283981323242
2023-09-22,41.585487365722656
2023-09-25,42.1971321105957
2023-09-26,41.886314392089844
2023-09-27,42.44297790527344
2023-09-28,43.06361770629883
2023-09-29,43.47338104248047
2023-10-02,44.755619049072266
2023-10-03,43.491363525390625
2023-10-04,44.01506423950195
2023-10-05,44.661678314208984
2023-10-06,45.735042572021484
2023-10-09,45.24633026123047
2023-10-10,45.77102279663086
2023-10-11,46.77842712402344
2023-10-12,46.9173469543457
2023-10-13,45.4342155456543
2023-10-16,46.06785202026367
2023-10-17,43.9121208190918
2023-10-18,42.171138763427734
2023-10-19,42.076202392578125
2023-10-20,41.36262130737305
2023-10-23,42.94968795776367
2023-10-24,43.63728332519531
2023-10-25,41.75438690185547
2023-10-26,40.30224609375
2023-10-27,40.47614288330078
2023-10-30,41.13675308227539
2023-10-31,40.755977630615234
2023-11-01,42.300071716308594
2023-11-02,43.480369567871094
2023-11-03,44.97848892211914
2023-11-06,45.72405242919922
2023-11-07,45.92793273925781
2023-11-08,46.54656982421875
2023-11-09,46.92234420776367
2023-11-10,48.3065299987793
2023-11-13,48.59135437011719
2023-11-14,49.62675094604492
2023-11-15,48.85919952392578
2023-11-16,49.45085906982422
2023-11-17,49.26896286010742
2023-11-20,50.37930679321289
2023-11-21,49.91457748413086
2023-11-22,48.68730163574219
2023-11-23,48.68730163574219
2023-11-24,47.747859954833984
2023-11-27,48.21358108520508
2023-11-28,47.79282760620117
2023-11-29,48.11164474487305
2023-11-30,46.742454528808594
2023-12-01,46.73745346069336
2023-12-04,45.483184814453125
2023-12-05,46.54266357421875
2023-12-06,45.48019027709961
2023-12-07,46.57264709472656
2023-12-08,47.48219299316406
2023-12-11,46.603633880615234
2023-12-12,47.633121490478516
2023-12-13,48.06390380859375
2023-12-14,48.325767517089844
2023-12-15,48.86549377441406
2023-12-18,50.051902770996094
2023-12-19,49.57913589477539
2023-12-20,48.086883544921875
2023-12-21,48.965450286865234
2023-12-22,48.8055305480957
2023-12-25,48.8055305480957
2023-12-26,49.25429916381836
2023-12-27,49.392234802246094
2023-12-28,49.4971809387207
2023-12-29,49.4971809387207
2024-01-01,49.4971809387207
2024-01-02,48.14385986328125
2024-01-03,47.54515838623047
2024-01-04,47.97394943237305
2024-01-05,49.07239532470703
2024-01-08,52.2268180847168
2024-01-09,53.113372802734375
2024-01-10,54.3227653503418
2024-01-11,54.794525146484375
2024-01-12,54.682579040527344
2024-01-15,54.682579040527344
2024-01-16,56.35374450683594
2024-01-17,56.02490997314453
2024-01-18,57.0783805847168
2024-01-19,59.46118927001953
2024-01-22,59.624107360839844
2024-01-23,59.84299850463867
2024-01-24,61.33124923706055
2024-01-25,61.586116790771484
2024-01-26,61.00041580200195
2024-01-29,62.433692932128906
2024-01-30,62.74253845214844
2024-01-31,61.49616622924805
2024-02-01,62.99541091918945
2024-02-02,66.12684631347656
2024-02-05,69.29725646972656
2024-02-06,68.18881225585938
2024-02-07,70.06385803222656
2024-02-08,69.60608673095703
2024-02-09,72.09685516357422
2024-02-12,72.2117919921875
2024-02-13,72.09185791015625
2024-02-14,73.86296844482422
2024-02-15,72.62158203125
2024-02-16,72.57659912109375
2024-02-19,72.57659912109375
2024-02-20,69.41719818115234
2024-02-21,67.43818664550781
2024-02-22,78.49864196777344
2024-02-23,78.77749633789062
2024-02-26,79.0523681640625
2024-02-27,78.66155242919922
2024-02-28,77.62407684326172
2024-02-29,79.07234954833984
2024-03-01,82.23775482177734
2024-03-04,85.19428253173828
2024-03-05,85.9249496459961
2024-03-06,88.65970611572266
2024-03-07,92.62689208984375
2024-03-08,87.48824310302734
2024-03-11,85.73504638671875
2024-03-12,91.87124633789062
2024-03-13,90.84671020507812
2024-03-14,87.90404510498047
2024-03-15,87.79708862304688
2024-03-18,88.41481018066406
2024-03-19,89.3573989868164
2024-03-20,90.33094787597656
2024-03-21,91.3934555053711
2024-03-22,94.24617004394531
2024-03-25,94.9588394165039
2024-03-26,92.5189437866211
2024-03-27,90.20899200439453
2024-03-28,90.31494903564453
2024-03-29,90.31494903564453
2024-04-01,90.32194519042969
2024-04-02,89.41136169433594
2024-04-03,88.92359161376953
2024-04-04,85.865966796875
2024-04-05,87.968017578125
2024-04-08,87.09341430664062
2024-04-09,85.3152084350586
2024-04-10,86.99945831298828
2024-04-11,90.5748291015625
2024-04-12,88.14593505859375
2024-04-15,85.9619369506836
2024-04-16,87.37528991699219
2024-04-17,83.99681854248047
2024-04-18,84.63253784179688
2024-04-19,76.16539001464844
2024-04-22,79.48188018798828
2024-04-23,82.38555908203125
2024-04-24,79.64080810546875
2024-04-25,82.5944595336914
2024-04-26,87.69515228271484
2024-04-29,87.71713256835938
2024-04-30,86.36274719238281
2024-05-01,83.00326538085938
2024-05-02,85.77801513671875
2024-05-03,88.74866485595703
2024-05-06,92.09814453125
2024-05-07,90.51286315917969
2024-05-08,90.37093353271484
2024-05-09,88.7066879272461
2024-05-10,89.83717346191406
2024-05-13,90.35794830322266
2024-05-14,91.31449890136719
2024-05-15,94.5870132446289
2024-05-16,94.3161392211914
2024-05-17,92.43698120117188
2024-05-20,94.73695373535156
2024-05-21,95.34266662597656
2024-05-22,94.90686798095703
2024-05-23,103.7518539428711
2024-05-24,106.42063903808594
2024-05-27,106.42063903808594
2024-05-28,113.84925842285156
2024-05-29,114.7728271484375
2024-05-30,110.44979095458984
2024-05-31,109.58320617675781
2024-06-03,114.94776153564453
2024-06-04,116.38410949707031
2024-06-05,122.38438415527344
2024-06-06,120.94303894042969
2024-06-07,120.83309173583984
2024-06-10,121.73467254638672
2024-06-11,120.86500549316406
2024-06-12,125.15340423583984
2024-06-13,129.561767578125
2024-06-14,131.8309326171875
2024-06-17,130.93125915527344
2024-06-18,135.529541015625
2024-06-19,135.529541015625
2024-06-20,130.73133850097656
2024-06-21,126.52288818359375
2024-06-24,118.0660400390625
2024-06-25,126.0430679321289
2024-06-26,126.35296630859375
2024-06-27,123.94385528564453
2024-06-28,123.49402618408203
2024-07-01,124.25374603271484
2024-07-02,122.62433624267578
2024-07-03,128.2322540283203
2024-07-04,128.2322540283203
2024-07-05,125.78316497802734
2024-07-08,128.1522674560547
2024-07-09,131.33111572265625
2024-07-10,134.8597869873047
2024-07-11,127.35258483886719
2024-07-12,129.19190979003906
2024-07-15,128.39219665527344
2024-07-16,126.3129653930664
2024-07-17,117.94608306884766
2024-07-18,121.04493713378906
2024-07-19,117.8861083984375
2024-07-22,123.49402618408203
2024-07-23,122.54437255859375
2024-07-24,114.20747375488281
2024-07-25,112.23820495605469
2024-07-26,113.01791381835938
2024-07-29,111.5484619140625
2024-07-30,103.69139099121094
2024-07-31,116.9764404296875
2024-08-01,109.16935729980469
2024-08-02,107.23006439208984
2024-08-05,100.41261291503906
2024-08-06,104.21119689941406
2024-08-07,98.8731918334961
2024-08-08,104.9309310913086
2024-08-09,104.71101379394531
2024-08-12,108.97942352294922
2024-08-13,116.09677124023438
2024-08-14,118.03605651855469
2024-08-15,122.81427764892578
2024-08-16,124.53362274169922
2024-08-19,129.95162963867188
2024-08-20,127.20263671875
2024-08-21,128.45217895507812
2024-08-22,123.6939468383789
2024-08-23,129.32183837890625
2024-08-26,126.41292572021484
2024-08-27,128.25225830078125
2024-08-28,125.5632553100586
2024-08-29,117.54623413085938
2024-08-30,119.32557678222656
2024-09-02,119.32557678222656
2024-09-03,107.95980072021484
2024-09-04,106.17047119140625
2024-09-05,107.17010498046875
2024-09-06,102.79173278808594
2024-09-09,106.43037414550781
2024-09-10,108.05976104736328
2024-09-11,116.86648559570312
2024-09-12,119.10584259033203
2024-09-13,119.06585693359375
2024-09-16,116.74651336669922
2024-09-17,115.5568618774414
2024-09-18,113.33749389648438
2024-09-19,117.83621215820312
2024-09-20,115.96675109863281
2024-09-23,116.22667694091797
2024-09-24,120.83535766601562
2024-09-25,123.47459411621094
2024-09-26,124.00444030761719
2024-09-27,121.36520385742188
2024-09-30,121.40518188476562
2024-10-01,116.96646118164062
2024-10-02,118.81593322753906
2024-10-03,122.81478118896484
2024-10-04,124.88418579101562
2024-10-07,127.68338775634766
2024-10-08,132.85189819335938
2024-10-09,132.61196899414062
2024-10-10,134.77134704589844
2024-10-11,134.76136779785156
2024-10-14,138.0304412841797
2024-10-15,131.56228637695312
2024-10-16,135.68109130859375
2024-10-17,136.8907470703125
2024-10-18,137.96043395996094
2024-10-21,143.66880798339844
2024-10-22,143.54884338378906
2024-10-23,139.51998901367188
2024-10-24,140.3697509765625
2024-10-25,141.49942016601562
2024-10-28,140.479736328125
2024-10-29,141.20950317382812
2024-10-30,139.300048828125
2024-10-31,132.72193908691406
2024-11-01,135.36119079589844
2024-11-04,136.01100158691406
2024-11-05,139.86988830566406
2024-11-06,145.56826782226562
2024-11-07,148.83734130859375
2024-11-08,147.58766174316406
2024-11-11,145.21835327148438
2024-11-12,148.24746704101562
2024-11-13,146.2280731201172
2024-11-14,146.71791076660156
2024-11-15,141.9392852783203
2024-11-18,140.10980224609375
2024-11-19,146.9678497314453
2024-11-20,145.84817504882812
2024-11-21,146.62796020507812
2024-11-22,141.90928649902344
2024-11-25,135.9810028076172
2024-11-26,136.88075256347656
2024-11-27,135.3011932373047
2024-11-28,135.3011932373047
2024-11-29,138.2103729248047
2024-12-02,138.5902557373047
2024-12-03,140.2198028564453
2024-12-04,145.09840393066406
2024-12-05,145.02841186523438
2024-12-06,142.40899658203125
2024-12-09,138.77975463867188
2024-12-10,135.04058837890625
2024-12-11,139.27964782714844
2024-12-12,137.31007385253906
2024-12-13,134.22076416015625
2024-12-16,131.9712371826172
2024-12-17,130.36160278320312
2024-12-18,128.88192749023438
2024-12-19,130.65151977539062
2024-12-20,134.670654296875
2024-12-23,139.6395721435547
2024-12-24,140.18946838378906
2024-12-25,140.18946838378906
2024-12-26,139.89952087402344
2024-12-27,136.98016357421875
2024-12-30,137.46005249023438
2024-12-31,134.26075744628906
2025-01-01,134.26075744628906
2025-01-02,138.27987670898438
2025-01-03,144.43853759765625
2025-01-06,149.39744567871094
2025-01-07,140.10946655273438
2025-01-08,140.07948303222656
2025-01-09,140.07948303222656
2025-01-10,135.8804168701172
2025-01-13,133.20098876953125
2025-01-14,131.73129272460938
2025-01-15,136.21034240722656
2025-01-16,133.54090881347656
2025-01-17,137.6800079345703
2025-01-20,137.6800079345703
2025-01-21,140.79933166503906
2025-01-22,147.03799438476562
2025-01-23,147.1879425048828
2025-01-24,142.58892822265625
2025-01-27,118.39421081542969
2025-01-28,128.9619140625
2025-01-29,123.67305755615234
2025-01-30,124.62285614013672
2025-01-31,120.04385375976562
2025-02-03,116.63459777832031
2025-02-04,118.62416076660156
2025-02-05,124.80281066894531
2025-02-06,128.65194702148438
2025-02-07,129.81170654296875
2025-02-10,133.54090881347656
2025-02-11,132.77108764648438
2025-02-12,131.11143493652344
2025-02-13,135.26052856445312
2025-02-14,138.81976318359375
2025-02-17,138.81976318359375
2025-02-18,139.36964416503906
2025-02-19,139.19967651367188
2025-02-20,140.07948303222656
2025-02-21,134.4007110595703
2025-02-24,130.2516326904297
2025-02-25,126.60242462158203
2025-02-26,131.2514190673828
2025-02-27,120.12384033203125
2025-02-28,124.89279174804688
2025-03-03,114.03515625
2025-03-04,115.96473693847656
2025-03-05,117.27445983886719
2025-03-06,110.5459213256836
2025-03-07,112.66545867919922
2025-03-10,106.95669555664062
2025-03-11,108.73631286621094
2025-03-12,115.7254409790039
2025-03-13,115.56546020507812
2025-03-14,121.65469360351562
2025-03-17,119.51496124267578
2025-03-18,115.41547393798828
2025-03-19,117.50520324707031
2025-03-20,118.51508331298828
2025-03-21,117.68518829345703
2025-03-24,121.39472961425781
2025-03-25,120.67481994628906
2025-03-26,113.74568939208984
2025-03-27,111.41597747802734
2025-03-28,109.65619659423828
2025-03-31,108.36636352539062
2025-04-01,110.13614654541016
2025-04-02,110.4061050415039
2025-04-03,101.78720092773438
2025-04-04,94.29813385009766
2025-04-07,97.6277084350586
2025-04-08,96.28788757324219
2025-04-09,114.31561279296875
2025-04-10,107.55646514892578
2025-04-11,110.9160385131836
2025-04-14,110.6960678100586
2025-04-15,112.18588256835938
2025-04-16,104.47685241699219
2025-04-17,101.47722625732422
2025-04-18,101.47722625732422
2025-04-21,96.89781188964844
2025-04-22,98.87755584716797
2025-04-23,102.69707489013672
2025-04-24,106.4166030883789
2025-04-25,110.99604034423828
2025-04-28,108.71631622314453
2025-04-29,109.00627899169922
2025-04-30,108.90629577636719
2025-05-01,111.59595489501953
2025-05-02,114.485595703125
2025-05-05,113.80567932128906
2025-05-06,113.52571868896484
2025-05-07,117.04527282714844
2025-05-08,117.35523986816406
2025-05-09,116.63532257080078
2025-05-12,122.98452758789062
2025-05-13,129.9136505126953
2025-05-14,135.32296752929688
2025-05-15,134.8130340576172
2025-05-16,135.38296508789062
2025-05-19,135.55294799804688
2025-05-20,134.36309814453125
2025-05-21,131.78341674804688
2025-05-22,132.81329345703125
2025-05-23,131.2734832763672
2025-05-26,131.2734832763672
2025-05-27,135.48294067382812
2025-05-28,134.7930450439453
2025-05-29,139.17250061035156
2025-05-30,135.11300659179688
2025-06-02,137.3627166748047
2025-06-03,141.2022247314453
2025-06-04,141.9021453857422
2025-06-05,139.97239685058594
2025-06-06,141.70216369628906
2025-06-09,142.612060546875
2025-06-10,143.94189453125
2025-06-11,142.8219451904297
2025-06-12,144.9918212890625
2025-06-13,141.9619903564453
2025-06-16,144.6818389892578
2025-06-17,144.1118621826172
2025-06-18,145.47178649902344
2025-06-19,145.47178649902344
2025-06-20,143.84188842773438
2025-06-23,144.161865234375
2025-06-24,147.8916473388672
2025-06-25,154.30130004882812
2025-06-26,155.01126098632812
2025-06-27,157.74110412597656
2025-06-30,157.98109436035156
2025-07-01,153.29136657714844
2025-07-02,157.2411346435547
2025-07-03,159.3310089111328
2025-07-04,159.3310089111328
2025-07-07,158.2310791015625
2025-07-08,159.99098205566406
2025-07-09,162.87081909179688
2025-07-10,164.09075927734375
2025-07-11,164.91070556640625
2025-07-14,164.06076049804688
2025-07-15,170.69036865234375
2025-07-16,171.36033630371094
2025-07-17,172.99024963378906
2025-07-18,172.40028381347656
2025-07-21,171.37034606933594
2025-07-22,167.0205841064453
2025-07-23,170.77037048339844
2025-07-24,173.73020935058594
2025-07-25,173.49021911621094
2025-07-28,176.7400360107422
2025-07-29,175.50009155273438
2025-07-30,179.25990295410156
2025-07-31,177.85997009277344
2025-08-01,173.710205078125
2025-08-04,179.98985290527344
2025-08-05,178.24993896484375
2025-08-06,179.40988159179688
2025-08-07,180.7598114013672
2025-08-08,182.689697265625
2025-08-11,182.0497283935547
2025-08-12,183.14967346191406
2025-08-13,181.5797576904297
2025-08-14,182.00973510742188
2025-08-15,180.4398193359375
2025-08-18,181.99972534179688
2025-08-19,175.63009643554688
2025-08-20,175.39010620117188
2025-08-21,174.97012329101562
2025-08-22,177.97996520996094
2025-08-25,179.79986572265625
2025-08-26,181.75975036621094
2025-08-27,181.5897674560547
2025-08-28,180.1598358154297
2025-08-29,174.170166015625
2025-09-01,174.170166015625
2025-09-02,170.77037048339844
2025-09-03,170.61038208007812
2025-09-04,171.65032958984375
2025-09-05,167.01058959960938
2025-09-08,168.30050659179688
2025-09-09,170.7503662109375
2025-09-10,177.32000732421875
2025-09-11,177.1699981689453
2025-09-12,177.82000732421875
2025-09-15,177.75
2025-09-16,174.8800048828125
2025-09-17,170.2899932861328
2025-09-18,176.24000549316406
2025-09-19,176.6699981689453
2025-09-22,183.61000061035156
2025-09-23,178.42999267578125
2025-09-24,176.97000122070312
2025-09-25,177.69000244140625
2025-09-26,178.19000244140625
2025-09-29,181.85000610351562
2025-09-30,186.5800018310547
2025-10-01,187.24000549316406
2025-10-02,188.88999938964844
2025-10-03,187.6199951171875
2025-10-06,185.5399932861328
2025-10-07,185.0399932861328
2025-10-08,189.11000061035156
2025-10-09,192.57000732421875
2025-10-10,183.16000366210938
2025-10-13,188.32000732421875
2025-10-14,180.02999877929688
2025-10-15,179.8300018310547
2025-10-16,181.80999755859375
2025-10-17,183.22000122070312
